person_id,name,degree,pagerank,betweenness,call_count,transaction_count,transaction_amount,case_count,location_count,vehicle_count,investigative_score,assessment,score_band
P036,Yuvraj Bhalla,73,0.007719185266364567,0.009121627209260907,46,39,2218335.6100000003,6,10,0,80.82,YES,VERY HIGH
P126,Mugdha Prakash,70,0.009804796427313871,0.009346271442780744,59,21,1136368.37,3,5,0,76.92,YES,HIGH
P098,Aarush Kakar,71,0.008751365497002839,0.00920754378365561,54,26,1289925.6099999999,3,12,0,75.65,YES,HIGH
P147,Aashi Wali,68,0.00832339340074045,0.008998427660654871,56,25,1356682.21,4,14,1,75.43,YES,HIGH
P096,Raghav Bajaj,70,0.007245106604289747,0.009339339138032018,46,30,1517077.8499999999,4,15,0,71.93,YES,HIGH
P028,Urmi Sachdeva,68,0.008394187131620377,0.008531671235236571,47,30,1614176.2200000002,5,9,0,71.92,YES,HIGH
P038,Devika Anand,68,0.007202851741946124,0.008898709166113327,49,26,1313120.6099999999,6,12,0,70.18,YES,HIGH
P114,Bhanumati Ramakrishnan,67,0.007415909642637487,0.009333331732269284,44,28,1405356.6,6,9,1,69.09,YES,HIGH
P122,Noah Kamdar,67,0.007576639261534186,0.008864320671742722,55,25,1392764.42,2,9,1,68.43,YES,HIGH
P052,Mason Goel,66,0.007830213667642544,0.00834629818090478,51,20,1028786.6,4,9,1,64.35,YES,HIGH
P102,Ridhi Bhatia,68,0.007241514785557158,0.008627722066311419,48,27,1248349.8,2,10,1,63.37,YES,HIGH
P026,Faqid Tailor,65,0.0072338673195357734,0.008393848875417897,47,25,1101660.65,6,3,0,61.4,YES,HIGH
P031,Darpan Sethi,63,0.006787147606478341,0.0071230096271707915,54,22,1116194.9100000001,7,7,0,60.95,YES,HIGH
P020,Keya Sani,63,0.008323155369616798,0.007544739698255723,44,28,1208287.1900000002,4,11,0,60.76,YES,HIGH
P078,Aarini Jain,65,0.007626290124879973,0.0082716805835285,47,24,1014323.6199999999,3,8,0,59.68,NO,MEDIUM
P101,Maya Cheema,63,0.0068700921084880245,0.007100866788882761,48,24,1235323.52,5,11,0,58.6,NO,MEDIUM
P024,Vedhika Mane,61,0.007325777039305886,0.008038069745928413,44,25,1171290.25,4,10,1,57.75,NO,MEDIUM
P011,Bhavna Singhal,63,0.0062773088129602465,0.0075921770944089775,41,29,1729881.56,3,11,0,57.39,NO,MEDIUM
P003,Yash Patla,63,0.006514705371821412,0.006882084726893384,51,18,800661.3899999999,7,12,0,57.12,NO,MEDIUM
P146,Qasim Pillai,62,0.008050616511044042,0.007373275251257966,42,24,1047547.4199999999,2,13,0,55.13,NO,MEDIUM
P116,Damini Gopal,62,0.0073032646727662345,0.007505461854013457,44,24,1315393.52,2,8,1,55.01,NO,MEDIUM
P084,Vanya Krishnamurthy,61,0.007669464216491555,0.007148313897973424,44,23,1210120.7600000002,3,8,0,54.6,NO,MEDIUM
P046,Adya Lala,59,0.007109448045078083,0.006748114042505106,41,28,1493558.0099999998,5,9,0,54.44,NO,MEDIUM
P081,Vanya Radhakrishnan,60,0.007327646274685793,0.006724126881699805,45,22,1336466.6400000001,1,15,1,53.49,NO,MEDIUM
P017,Kamya Sarkar,65,0.006981757576626051,0.00791444024503707,43,24,1058050.52,1,8,2,53.26,NO,MEDIUM
P109,Abeer Andra,61,0.008432776081649676,0.006218144604919016,45,21,1040421.68,3,9,0,53.22,NO,MEDIUM
P047,Kritika Mittal,56,0.007585981482538445,0.006612965588593793,43,17,799244.69,7,16,0,53.14,NO,MEDIUM
P088,Naksh Bora,63,0.00793503095707616,0.006983335456466011,45,21,1076842.73,1,7,0,52.68,NO,MEDIUM
P053,Anjali Brahmbhatt,61,0.0072011450478495,0.0071021357388186815,45,25,938958.27,4,8,0,52.41,NO,MEDIUM
P148,Aarnav Ganguly,59,0.007070707825896953,0.0070329232536323425,44,26,1400485.17,1,9,0,51.26,NO,MEDIUM
P079,Gaurav Cheema,59,0.00800970045121458,0.006593042516044754,42,23,997434.25,3,9,0,50.38,NO,MEDIUM
P144,Andrew Bhatti,60,0.007983833018076886,0.006834246765748267,44,20,856904.15,0,13,1,50.37,NO,MEDIUM
P129,Rachita Thakur,58,0.007847970040969746,0.006593242154758599,38,24,1352401.48,3,7,0,50.01,NO,MEDIUM
P067,Sachi Bhargava,57,0.007056268636866735,0.006076510222471872,50,15,714286.56,5,13,0,49.79,NO,MEDIUM
P010,Jagat Sood,62,0.006925600860820293,0.0074913502660716854,38,26,1287152.37,1,7,0,49.61,NO,MEDIUM
P073,Michael Vasa,61,0.0073162618000219845,0.006945110523312114,45,22,1032261.94,1,7,0,49.39,NO,MEDIUM
P048,Oeshi Bath,55,0.007250921971025424,0.005482369708039589,37,26,1491301.56,5,16,0,49.39,NO,MEDIUM
P025,Sai Solanki,63,0.006569081259116396,0.006996127497306339,37,30,1224425.77,3,8,0,49.3,NO,MEDIUM
P110,Vincent Ratti,58,0.007307473054526305,0.006230305460447153,46,19,1023451.6099999999,4,7,0,49.27,NO,MEDIUM
P040,Prisha Bora,58,0.007497546492240084,0.006120076377417269,44,21,1020169.5700000001,2,15,2,48.99,NO,MEDIUM
P054,Nimrat Rout,56,0.0071451017354863065,0.005992451815903425,40,28,1465395.8200000003,5,6,0,48.94,NO,MEDIUM
P002,Naveen Mital,57,0.006450909813900543,0.006438044330097356,47,19,1217230.62,4,6,0,48.78,NO,MEDIUM
P108,Maanas Sem,54,0.007038748143561598,0.005691206079822403,36,23,1343848.79,8,10,0,48.5,NO,MEDIUM
P077,Lekha Kaur,56,0.007056030522627784,0.006292300713438514,45,16,827420.76,6,8,0,48.09,NO,MEDIUM
P058,Manthan Sahni,55,0.008390771696319063,0.005283774617921814,42,24,1426245.2999999998,2,9,0,47.87,NO,MEDIUM
P057,Anjali Merchant,56,0.005817678839649236,0.006092346254352754,44,20,1212477.38,7,7,0,47.78,NO,MEDIUM
P117,Faqid Rastogi,56,0.008133064181470686,0.005699117192507954,46,17,865920.2299999999,3,11,1,47.69,NO,MEDIUM
P044,Alka Singhal,55,0.008144900315028564,0.00573794533820833,39,22,1402059.26,2,10,0,47.36,NO,MEDIUM
P112,Quincy Chahal,57,0.006750573424940145,0.006255939147030967,43,21,1159914.54,2,14,0,47.24,NO,MEDIUM
P106,Ishanvi Kunda,60,0.006508540341511245,0.006833847812273158,45,18,920731.01,3,6,0,47.24,NO,MEDIUM
P005,Balhaar Mannan,54,0.008400403648773754,0.005942931190941042,35,21,1165682.37,5,8,0,46.98,NO,MEDIUM
P014,Mugdha Deep,59,0.006586479515075939,0.006488428474005919,48,16,846273.3,3,6,0,46.55,NO,MEDIUM
P111,Ojas Varty,57,0.007816581036760977,0.005693029342435383,33,32,1638381.8299999998,2,9,1,46.5,NO,MEDIUM
P012,Yashoda Mahajan,53,0.007226923095738944,0.005132140393644899,42,17,500154.48,10,16,0,46.41,NO,MEDIUM
P042,Nirja Madan,57,0.006394704089065569,0.005769677309849231,44,22,849765.97,5,13,0,45.6,NO,MEDIUM
P121,Manbir Parekh,57,0.00760343883507121,0.005921839228991586,36,24,1366630.7599999998,2,9,0,45.58,NO,MEDIUM
P139,Qasim Ratti,53,0.007318242018932503,0.005984099418759781,37,22,1134358.24,5,12,0,45.55,NO,MEDIUM
P071,Girik Kar,54,0.006803946509350189,0.005788895230667824,43,19,1106994.46,5,8,2,45.21,NO,MEDIUM
P127,Diya Garde,58,0.0070542265711114405,0.005990283409883521,40,24,1273067.3399999999,2,7,1,45.14,NO,MEDIUM
P023,Bhavini Ghosh,53,0.007108327518021229,0.005609491537971322,48,14,586513.5800000001,5,15,0,45.01,NO,MEDIUM
P037,Lakshit Dass,57,0.006599793604878759,0.006886510723916061,39,22,1229680.7000000002,1,9,0,44.76,NO,MEDIUM
P045,Qarin Rau,55,0.007223426931182298,0.006107994538578471,45,13,577890.5900000001,4,13,1,44.74,NO,MEDIUM
P022,Rajata Reddy,58,0.006162057261964754,0.006122520875218346,44,24,1121421.21,2,9,0,44.24,NO,MEDIUM
P063,Mason Sekhon,54,0.006832363618949821,0.0062911749341912045,38,24,1237650.64,2,12,1,43.7,NO,MEDIUM
P035,Qarin Prabhakar,55,0.007242529331016841,0.005660925618822847,49,10,547203.39,2,15,0,43.41,NO,MEDIUM
P064,Maya Seshadri,59,0.006577635095017943,0.00627647703668861,46,18,896542.29,1,6,0,43.22,NO,MEDIUM
P021,Rachit Chana,56,0.007255306953989253,0.005757730486444297,41,19,1057189.53,1,10,0,42.36,NO,MEDIUM
P043,Tripti Trivedi,55,0.007419577610098602,0.005299012260317103,37,24,1237556.0100000002,3,8,1,42.23,NO,MEDIUM
P034,Sanaya Prakash,53,0.007014865497890512,0.005600317803026748,41,16,815969.08,3,17,0,42.06,NO,MEDIUM
P138,Geetika Kade,57,0.00601836627595829,0.005400514362028427,46,18,873571.0,2,15,0,41.9,NO,MEDIUM
P072,Bachittar Saran,55,0.007899255049728573,0.004975199072133095,40,21,1090823.29,1,12,1,41.74,NO,MEDIUM
P093,Gavin Kadakia,56,0.005639812979359692,0.005866409517575721,45,19,1156798.3599999999,1,12,0,41.59,NO,MEDIUM
P103,Pushti More,53,0.006736186707920568,0.005193666239703295,35,21,1068902.27,6,12,1,41.28,NO,MEDIUM
P049,Ansh D’Alia,57,0.007107405931614177,0.005885484549633893,45,20,773649.48,1,7,0,41.22,NO,MEDIUM
P029,Tanmayi Mandal,49,0.00728835278143793,0.004343663783182213,34,22,1436089.3900000001,6,13,0,41.08,NO,MEDIUM
P086,Reyansh Sachdev,52,0.006303316569494838,0.0054740665450008245,38,18,994699.73,6,12,0,41.07,NO,MEDIUM
P083,Amruta Koshy,52,0.00671642937382156,0.005228141274480006,38,23,1180302.88,5,9,0,40.95,NO,MEDIUM
P100,Aarnav Nigam,52,0.006898036488187204,0.004764872007721838,38,22,1256862.68,3,16,1,40.83,NO,MEDIUM
P092,Kritika Kapur,54,0.007655405187407008,0.005051693692429939,43,16,847197.1000000001,2,11,1,40.76,NO,MEDIUM
P027,Ekiya Sandhu,53,0.007569582866437862,0.004737881718783394,38,17,1134308.12,3,10,0,40.08,NO,MEDIUM
P134,Jairaj Chada,54,0.007278887545366093,0.005443000659694767,48,13,550637.39,2,9,0,39.89,NO,MEDIUM
P065,Yashoda Mane,52,0.007481946120080865,0.00477099438606842,36,24,1306121.65,2,13,1,39.87,NO,MEDIUM
P095,Devika Dalal,55,0.007170477738521325,0.004659043017419376,40,20,831901.72,3,15,0,39.82,NO,MEDIUM
P125,Ria Atwal,55,0.005724430775945337,0.005460099777047945,42,19,973179.41,3,13,0,39.7,NO,MEDIUM
P141,Warda Patla,50,0.006188026573175614,0.004395519899699396,38,17,975608.54,9,11,0,39.27,NO,MEDIUM
P075,Ekta Sandal,54,0.006612917947027529,0.005334285985029125,36,20,1157432.76,4,7,0,39.24,NO,MEDIUM
P145,Kavya Das,51,0.007169546273121308,0.005227579580208223,34,23,957581.3300000001,6,9,1,39.05,NO,MEDIUM
P142,Arya Krish,52,0.007071308343964674,0.005066857829014976,39,22,914225.4199999999,4,9,1,38.47,NO,MEDIUM
P104,Ojas Shankar,54,0.006629995971478283,0.005363033362044016,37,20,951519.8400000001,3,10,0,37.93,NO,MEDIUM
P050,Nidra Goyal,50,0.007153178773168456,0.004398621425366468,46,18,917488.36,2,13,0,37.82,NO,MEDIUM
P128,Sathvik Konda,55,0.006566865091390288,0.005570997612558274,40,19,847047.1000000001,2,7,0,37.24,NO,MEDIUM
P107,Rayaan Choudhry,53,0.00701428536211874,0.005445994709313525,43,16,775504.79,2,5,1,37.02,NO,MEDIUM
P059,Dev Pandya,50,0.005736388078325972,0.004675643456932965,33,24,1453009.0100000002,7,6,2,36.89,NO,MEDIUM
P009,Veda Hari,53,0.0066870326759970525,0.00539999066451153,41,17,855707.9800000001,2,8,0,36.8,NO,MEDIUM
P137,Bhavani Shukla,52,0.00588930769140025,0.005757224641866313,45,15,692366.16,2,11,0,36.5,NO,MEDIUM
P004,Mahika Dey,47,0.007198295867159344,0.00448528260199363,34,19,801295.5,7,14,1,36.13,NO,MEDIUM
P032,Simon Wadhwa,54,0.006215786618149056,0.005114500815532515,40,21,1058310.19,0,10,0,36.08,NO,MEDIUM
P097,Dev Nagar,55,0.005157388398656265,0.005031859954694951,40,18,855819.5700000001,4,12,0,35.78,NO,MEDIUM
P123,Jeet Loke,49,0.007445972470542765,0.0045044057502052984,31,24,827819.6300000001,5,11,0,33.66,NO,MEDIUM
P076,Gopal Chakraborty,48,0.006135157074193936,0.004428653900829476,37,16,768612.79,6,14,0,33.56,NO,MEDIUM
P007,Anjali Mittal,49,0.007155240802325726,0.004163502455184719,31,23,1403396.21,3,7,0,33.25,NO,MEDIUM
P008,Mohammed Dhar,52,0.005550866212514815,0.004699354251772948,34,21,1007993.4300000002,4,13,1,33.18,NO,MEDIUM
P018,Fariq Bhagat,52,0.005451807538862674,0.005009578114289381,38,21,1084844.3599999999,3,7,1,33.15,NO,MEDIUM
P118,Waida Anand,50,0.006700397881707553,0.004577714563967784,42,14,800701.18,2,9,1,33.02,NO,MEDIUM
P055,Kai Khatri,54,0.006159731065111969,0.005418983452154444,41,18,570469.71,1,9,1,32.75,NO,MEDIUM
P051,Ryan Thakur,51,0.0063473826702157244,0.004917922469526176,35,20,1002330.39,2,10,0,32.61,NO,MEDIUM
P082,Leela Shetty,49,0.006476795876077684,0.004744543810820701,36,20,863462.39,3,12,0,32.36,NO,MEDIUM
P136,Arunima Chahal,48,0.007196105234373173,0.004053266415145521,35,17,972080.25,3,10,0,31.53,NO,MEDIUM
P085,Ganga Ray,51,0.005218711889964854,0.004397630220291294,37,16,800939.65,6,9,0,31.26,NO,MEDIUM
P119,Pavani Vyas,53,0.004699049883686976,0.004547656565794499,40,16,1011325.73,3,9,0,31.21,NO,MEDIUM
P039,Parth Kapadia,48,0.006605198754198643,0.004562176150496709,37,22,907246.54,3,8,0,31.1,NO,MEDIUM
P124,Oviya Aurora,50,0.006048471393647327,0.004899742459323274,38,15,733149.14,4,6,0,31.09,NO,MEDIUM
P135,Vrishti Puri,49,0.006486166809690552,0.004476467740293506,34,19,1070474.9200000002,3,5,0,30.15,NO,MEDIUM
P131,Nimrat Kuruvilla,52,0.005408549601904417,0.004918536624017526,38,20,1052643.2599999998,1,5,0,29.6,NO,LOW
P061,Yashoda Aurora,52,0.005485506070313264,0.0047299206886153525,38,16,711064.5800000001,3,8,0,29.53,NO,LOW
P140,Geetika Soman,51,0.007023251380143756,0.00445693541097051,35,19,869856.23,1,6,1,29.49,NO,LOW
P132,Jhalak Master,49,0.006230413154605095,0.00457760844783632,38,15,974847.41,1,7,0,29.15,NO,LOW
P091,Libni Chada,51,0.005738923146514371,0.004610919872231192,36,19,845078.3099999999,2,10,1,29.13,NO,LOW
P115,Brijesh Mukhopadhyay,48,0.006454448414310885,0.004730479216707461,37,17,807848.6599999999,2,6,0,28.56,NO,LOW
P033,Manan Saha,47,0.005009186426155038,0.0036372381726169334,32,19,1016914.0799999998,7,13,1,28.3,NO,LOW
P069,Hardik Nagarajan,46,0.0049277356116909955,0.003876018053513681,36,19,1184626.25,5,10,0,28.22,NO,LOW
P030,Mitali Deo,47,0.006187763500644629,0.004413930444147931,40,15,623831.87,3,9,2,28.19,NO,LOW
P006,Ridhi Rao,51,0.005417119500766738,0.005066688312241522,32,22,1168018.3399999999,0,6,0,28.18,NO,LOW
P087,Liam Dash,48,0.004936980915776188,0.0043675125265621745,36,16,838658.55,5,10,0,27.84,NO,LOW
P080,Yochana Shan,47,0.0065030453450747715,0.004556343080240169,35,15,615164.09,2,14,2,27.74,NO,LOW
P113,Bishakha Vora,49,0.006505008041929546,0.004543729478068069,37,16,509786.14,1,13,0,27.35,NO,LOW
P120,Ekiya Venkatesh,46,0.005555783611711541,0.003994736481351073,29,21,1279549.01,5,7,0,27.01,NO,LOW
P133,Forum Goda,49,0.0060959373952892415,0.004082637884774972,39,20,781381.62,2,6,0,26.86,NO,LOW
P001,Charita Kurian,45,0.005309472293889303,0.003954971805765493,37,16,751025.37,5,13,0,26.65,NO,LOW
P150,Ira Sengupta,47,0.005029817256529824,0.003931944499412503,40,12,473960.41000000003,6,6,0,24.65,NO,LOW
P130,Charles Natt,49,0.005024861981754832,0.003874844158307341,39,16,873290.57,1,10,0,24.35,NO,LOW
P015,Timothy Dhar,45,0.005318771530774558,0.0037156719892556056,35,13,834295.31,4,12,0,24.35,NO,LOW
P143,Niharika Setty,43,0.006416477309963226,0.003700094355827357,33,14,790058.47,3,13,0,24.14,NO,LOW
P068,Indira Som,44,0.00593412362505183,0.004076843163088445,35,14,605595.8899999999,3,13,2,23.8,NO,LOW
P089,Qadim Vala,46,0.005269858681579555,0.004373709142090394,35,16,785336.11,1,8,0,21.64,NO,LOW
P019,Gautam Srinivasan,44,0.005957549917589496,0.003222151949965126,34,14,703740.14,2,15,1,21.28,NO,LOW
P149,Tara Bahl,44,0.005675585411941881,0.0037176374833335127,30,16,827333.49,3,11,0,21.06,NO,LOW
P041,Madhav Kalita,47,0.00472378002007021,0.00406914611245529,30,22,706929.21,4,10,0,20.93,NO,LOW
P013,Simon Bhatt,41,0.0059094468986412695,0.002623592614692393,31,15,829992.99,4,18,0,20.68,NO,LOW
P099,Ikshita Dass,45,0.005109005799531848,0.0036789372462220243,38,11,543721.9400000001,3,9,0,20.39,NO,LOW
P060,Frederick Walla,42,0.004958891816630628,0.0031520953619821636,36,15,642913.6,5,12,1,19.94,NO,LOW
P016,Chandran Deshpande,42,0.005827191429297925,0.003643791338066467,31,14,627794.85,4,8,0,18.98,NO,LOW
P056,Yasti Mandal,47,0.004282498948817334,0.0034136877728061237,33,19,992202.8799999999,1,12,1,18.89,NO,LOW
P105,Aryan Sahni,42,0.005727084520553437,0.003726876084013291,32,14,746544.97,1,9,0,17.42,NO,LOW
P062,Ekansh Merchant,44,0.005083334021020205,0.0033450510980956036,32,20,908532.1799999999,1,8,0,16.7,NO,LOW
P074,Yachana Kalla,39,0.005231306517230648,0.003104360750162246,25,16,806551.91,3,10,0,12.53,NO,LOW
P070,Ubika Bhasin,38,0.0056633332527638875,0.0028091053284417305,28,14,785439.46,2,7,0,11.3,NO,LOW
P066,Gaurang Pillai,38,0.005031033854216567,0.0028595893458599904,28,11,572473.15,3,12,0,10.68,NO,LOW
P090,Abhiram Keer,38,0.004740514947315401,0.0031695920857786573,25,14,871355.4199999999,2,7,2,9.29,NO,LOW
P094,Ria Prasad,37,0.004867985020774622,0.002808261601587307,31,9,566374.78,2,9,0,8.69,NO,LOW
