case_id,fir_number,crime_type,case_date,location_id
C001,FIR-2026-0001,Theft,2026-07-12,L014
C002,FIR-2026-0002,Smuggling,2024-10-02,L026
C003,FIR-2026-0003,Assault,2026-05-31,L015
C004,FIR-2026-0004,Fraud,2025-06-23,L004
C005,FIR-2026-0005,Cybercrime,2024-01-18,L020
C006,FIR-2026-0006,Assault,2025-05-08,L001
C007,FIR-2026-0007,Smuggling,2025-01-11,L017
C008,FIR-2026-0008,Assault,2026-06-20,L008
C009,FIR-2026-0009,Smuggling,2025-05-31,L005
C010,FIR-2026-0010,Robbery,2024-12-30,L014
C011,FIR-2026-0011,Fraud,2024-08-24,L020
C012,FIR-2026-0012,Robbery,2025-07-08,L008
C013,FIR-2026-0013,Assault,2025-06-27,L014
C014,FIR-2026-0014,Theft,2025-10-16,L022
C015,FIR-2026-0015,Smuggling,2025-08-20,L003
C016,FIR-2026-0016,Assault,2024-08-17,L012
C017,FIR-2026-0017,Fraud,2026-02-25,L017
C018,FIR-2026-0018,Assault,2024-02-20,L017
C019,FIR-2026-0019,Assault,2025-01-27,L018
C020,FIR-2026-0020,Fraud,2025-08-06,L013
C021,FIR-2026-0021,Cybercrime,2024-11-16,L002
C022,FIR-2026-0022,Smuggling,2024-09-12,L013
C023,FIR-2026-0023,Robbery,2024-01-23,L009
C024,FIR-2026-0024,Smuggling,2025-06-06,L001
C025,FIR-2026-0025,Robbery,2026-04-15,L026
C026,FIR-2026-0026,Fraud,2025-09-29,L012
C027,FIR-2026-0027,Theft,2025-03-26,L024
C028,FIR-2026-0028,Smuggling,2024-02-15,L021
C029,FIR-2026-0029,Fraud,2026-03-13,L025
C030,FIR-2026-0030,Assault,2025-06-07,L024
C031,FIR-2026-0031,Robbery,2024-05-22,L005
C032,FIR-2026-0032,Fraud,2023-10-30,L012
C033,FIR-2026-0033,Assault,2023-11-11,L011
C034,FIR-2026-0034,Smuggling,2026-02-03,L006
C035,FIR-2026-0035,Smuggling,2025-09-05,L015
C036,FIR-2026-0036,Smuggling,2025-02-23,L016
C037,FIR-2026-0037,Smuggling,2023-10-28,L006
C038,FIR-2026-0038,Theft,2025-12-06,L003
C039,FIR-2026-0039,Smuggling,2026-02-08,L025
C040,FIR-2026-0040,Cybercrime,2026-05-05,L002
C041,FIR-2026-0041,Robbery,2024-01-01,L007
C042,FIR-2026-0042,Fraud,2024-07-01,L026
C043,FIR-2026-0043,Theft,2024-10-20,L029
C044,FIR-2026-0044,Fraud,2025-11-25,L011
C045,FIR-2026-0045,Robbery,2025-02-12,L017
C046,FIR-2026-0046,Cybercrime,2026-01-05,L027
C047,FIR-2026-0047,Assault,2026-04-24,L016
C048,FIR-2026-0048,Robbery,2025-10-12,L002
C049,FIR-2026-0049,Smuggling,2025-05-15,L007
C050,FIR-2026-0050,Robbery,2024-04-23,L012
C051,FIR-2026-0051,Fraud,2026-06-13,L028
C052,FIR-2026-0052,Smuggling,2025-12-10,L011
C053,FIR-2026-0053,Robbery,2024-12-22,L004
C054,FIR-2026-0054,Robbery,2025-05-25,L014
C055,FIR-2026-0055,Cybercrime,2024-07-12,L024
C056,FIR-2026-0056,Cybercrime,2025-02-06,L029
C057,FIR-2026-0057,Cybercrime,2024-01-18,L011
C058,FIR-2026-0058,Theft,2025-07-29,L016
C059,FIR-2026-0059,Smuggling,2024-02-28,L016
C060,FIR-2026-0060,Robbery,2024-04-13,L030
C061,FIR-2026-0061,Assault,2023-11-03,L009
C062,FIR-2026-0062,Fraud,2023-10-19,L024
C063,FIR-2026-0063,Cybercrime,2026-03-14,L003
C064,FIR-2026-0064,Cybercrime,2025-03-24,L020
C065,FIR-2026-0065,Theft,2023-12-19,L018
C066,FIR-2026-0066,Robbery,2024-12-03,L011
C067,FIR-2026-0067,Fraud,2024-08-03,L003
C068,FIR-2026-0068,Robbery,2025-05-13,L022
C069,FIR-2026-0069,Robbery,2024-10-17,L010
C070,FIR-2026-0070,Cybercrime,2025-05-04,L020
C071,FIR-2026-0071,Smuggling,2024-04-02,L014
C072,FIR-2026-0072,Theft,2024-05-19,L023
C073,FIR-2026-0073,Cybercrime,2025-03-19,L012
C074,FIR-2026-0074,Cybercrime,2026-08-22,L002
C075,FIR-2026-0075,Smuggling,2023-09-16,L028
C076,FIR-2026-0076,Robbery,2024-04-22,L020
C077,FIR-2026-0077,Cybercrime,2025-04-07,L009
C078,FIR-2026-0078,Smuggling,2024-07-24,L026
C079,FIR-2026-0079,Fraud,2025-12-05,L003
C080,FIR-2026-0080,Smuggling,2026-07-10,L021
C081,FIR-2026-0081,Cybercrime,2024-07-10,L012
C082,FIR-2026-0082,Assault,2024-02-15,L026
C083,FIR-2026-0083,Smuggling,2025-06-06,L022
C084,FIR-2026-0084,Theft,2025-10-06,L001
C085,FIR-2026-0085,Theft,2026-03-13,L028
C086,FIR-2026-0086,Assault,2026-03-27,L022
C087,FIR-2026-0087,Cybercrime,2025-04-02,L002
C088,FIR-2026-0088,Theft,2025-02-15,L003
C089,FIR-2026-0089,Theft,2024-06-05,L025
C090,FIR-2026-0090,Smuggling,2025-08-14,L012
C091,FIR-2026-0091,Robbery,2024-08-27,L013
C092,FIR-2026-0092,Assault,2026-02-28,L002
C093,FIR-2026-0093,Assault,2025-04-18,L005
C094,FIR-2026-0094,Smuggling,2024-06-20,L015
C095,FIR-2026-0095,Robbery,2025-01-24,L012
C096,FIR-2026-0096,Cybercrime,2026-03-11,L025
C097,FIR-2026-0097,Fraud,2023-12-25,L019
C098,FIR-2026-0098,Theft,2026-05-03,L017
C099,FIR-2026-0099,Robbery,2025-05-16,L013
C100,FIR-2026-0100,Robbery,2023-12-12,L021
