report_id,fingerprint_id,case_id,person_id,match_status,report_date,examiner,source_item,notes
FRR-0001,FP-0001,C001,P001,Examiner Verified Match,2025-01-15,Dr. Anil Rao,Door handle swab,Synthetic demonstration record; examiner association recorded.
FRR-0002,FP-0002,C004,P008,Examiner Verified Match,2025-01-24,Dr. Meera Iyer,Hotel room table,Synthetic demonstration record; examiner association recorded.
FRR-0003,FP-0003,C007,P015,Examiner Verified Match,2025-02-02,Dr. Kiran Das,Window frame,Synthetic demonstration record; examiner association recorded.
FRR-0004,FP-0004,C010,P022,Examiner Verified Match,2025-02-11,Dr. Priya Menon,Mobile phone surface,Synthetic demonstration record; examiner association recorded.
FRR-0005,FP-0005,C013,P029,Examiner Verified Match,2025-02-20,Dr. R. Srinivas,Vehicle door handle,Synthetic demonstration record; examiner association recorded.
FRR-0006,FP-0006,C016,P007,Examiner Verified Match,2025-03-01,Dr. Kavya Nair,Glass tumbler,Synthetic demonstration record; examiner association recorded.
FRR-0007,FP-0007,C019,P014,Examiner Verified Match,2025-03-10,Dr. Anil Rao,Document envelope,Synthetic demonstration record; examiner association recorded.
FRR-0008,FP-0008,C003,P021,Examiner Verified Match,2025-03-19,Dr. Meera Iyer,Countertop surface,Synthetic demonstration record; examiner association recorded.
FRR-0009,FP-0009,C006,P028,Examiner Verified Match,2025-03-28,Dr. Kiran Das,Metal tool,Synthetic demonstration record; examiner association recorded.
FRR-0010,FP-0010,C009,P005,Examiner Verified Match,2025-04-06,Dr. Priya Menon,Plastic container,Synthetic demonstration record; examiner association recorded.
FRR-0011,FP-0011,C012,P013,Examiner Verified Match,2025-04-15,Dr. R. Srinivas,Vehicle steering wheel,Synthetic demonstration record; examiner association recorded.
FRR-0012,FP-0012,C015,P020,Examiner Verified Match,2025-04-24,Dr. Kavya Nair,ATM kiosk surface,Synthetic demonstration record; examiner association recorded.
FRR-0013,FP-0013,C018,P027,Examiner Verified Match,2025-05-03,Dr. Anil Rao,Door handle swab,Synthetic demonstration record; examiner association recorded.
FRR-0014,FP-0014,C001,P004,Examiner Verified Match,2025-05-12,Dr. Meera Iyer,Hotel room table,Synthetic demonstration record; examiner association recorded.
FRR-0015,FP-0015,C005,P011,Examiner Verified Match,2025-05-21,Dr. Kiran Das,Window frame,Synthetic demonstration record; examiner association recorded.
FRR-0016,FP-0016,C008,P019,Examiner Verified Match,2025-05-30,Dr. Priya Menon,Mobile phone surface,Synthetic demonstration record; examiner association recorded.
FRR-0017,FP-0017,C011,P026,Examiner Verified Match,2025-06-08,Dr. R. Srinivas,Vehicle door handle,Synthetic demonstration record; examiner association recorded.
FRR-0018,FP-0018,C014,P003,Examiner Verified Match,2025-06-17,Dr. Kavya Nair,Glass tumbler,Synthetic demonstration record; examiner association recorded.
FRR-0019,FP-0019,C017,P010,Examiner Verified Match,2025-06-26,Dr. Anil Rao,Document envelope,Synthetic demonstration record; examiner association recorded.
FRR-0020,FP-0020,C020,P017,Examiner Verified Match,2025-07-05,Dr. Meera Iyer,Countertop surface,Synthetic demonstration record; examiner association recorded.
FRR-0021,FP-0021,C003,P025,Examiner Verified Match,2025-07-14,Dr. Kiran Das,Metal tool,Synthetic demonstration record; examiner association recorded.
FRR-0022,FP-0022,C007,P002,Examiner Verified Match,2025-07-23,Dr. Priya Menon,Plastic container,Synthetic demonstration record; examiner association recorded.
FRR-0023,FP-0023,C010,P009,Examiner Verified Match,2025-08-01,Dr. R. Srinivas,Vehicle steering wheel,Synthetic demonstration record; examiner association recorded.
FRR-0024,FP-0024,C013,P016,Examiner Verified Match,2025-08-10,Dr. Kavya Nair,ATM kiosk surface,Synthetic demonstration record; examiner association recorded.
FRR-0025,FP-0025,C016,P023,Examiner Verified Match,2025-08-19,Dr. Anil Rao,Door handle swab,Synthetic demonstration record; examiner association recorded.
FRR-0026,FP-0026,C019,P001,Examiner Verified Match,2025-08-28,Dr. Meera Iyer,Hotel room table,Synthetic demonstration record; examiner association recorded.
FRR-0027,FP-0027,C002,P008,Examiner Verified Match,2025-09-06,Dr. Kiran Das,Window frame,Synthetic demonstration record; examiner association recorded.
FRR-0028,FP-0028,C005,P015,Examiner Verified Match,2025-09-15,Dr. Priya Menon,Mobile phone surface,Synthetic demonstration record; examiner association recorded.
FRR-0029,FP-0029,C009,P022,Examiner Verified Match,2025-09-24,Dr. R. Srinivas,Vehicle door handle,Synthetic demonstration record; examiner association recorded.
FRR-0030,FP-0030,C012,P029,Examiner Verified Match,2025-10-03,Dr. Kavya Nair,Glass tumbler,Synthetic demonstration record; examiner association recorded.
FRR-0031,FP-0031,C015,P007,Examiner Verified Match,2025-10-12,Dr. Anil Rao,Document envelope,Synthetic demonstration record; examiner association recorded.
FRR-0032,FP-0032,C018,P014,Examiner Verified Match,2025-10-21,Dr. Meera Iyer,Countertop surface,Synthetic demonstration record; examiner association recorded.
FRR-0033,FP-0033,C001,P021,Examiner Verified Match,2025-10-30,Dr. Kiran Das,Metal tool,Synthetic demonstration record; examiner association recorded.
FRR-0034,FP-0034,C004,P028,Examiner Verified Match,2025-11-08,Dr. Priya Menon,Plastic container,Synthetic demonstration record; examiner association recorded.
FRR-0035,FP-0035,C007,P005,Examiner Verified Match,2025-11-17,Dr. R. Srinivas,Vehicle steering wheel,Synthetic demonstration record; examiner association recorded.
FRR-0036,FP-0036,C011,P013,Examiner Verified Match,2025-11-26,Dr. Kavya Nair,ATM kiosk surface,Synthetic demonstration record; examiner association recorded.
FRR-0037,FP-0037,C014,P020,Examiner Verified Match,2025-12-05,Dr. Anil Rao,Door handle swab,Synthetic demonstration record; examiner association recorded.
FRR-0038,FP-0038,C017,P027,Examiner Verified Match,2025-12-14,Dr. Meera Iyer,Hotel room table,Synthetic demonstration record; examiner association recorded.
FRR-0039,FP-0039,C020,P004,Examiner Verified Match,2025-12-23,Dr. Kiran Das,Window frame,Synthetic demonstration record; examiner association recorded.
FRR-0040,FP-0040,C003,P011,Examiner Verified Match,2026-01-01,Dr. Priya Menon,Mobile phone surface,Synthetic demonstration record; examiner association recorded.
FRR-0041,FP-0041,C006,P019,Examiner Verified Match,2026-01-10,Dr. R. Srinivas,Vehicle door handle,Synthetic demonstration record; examiner association recorded.
FRR-0042,FP-0042,C009,P026,Examiner Verified Match,2026-01-19,Dr. Kavya Nair,Glass tumbler,Synthetic demonstration record; examiner association recorded.
FRR-0043,FP-0043,C013,P003,Examiner Verified Match,2026-01-28,Dr. Anil Rao,Document envelope,Synthetic demonstration record; examiner association recorded.
FRR-0044,FP-0044,C016,P010,Examiner Verified Match,2026-02-06,Dr. Meera Iyer,Countertop surface,Synthetic demonstration record; examiner association recorded.
FRR-0045,FP-0045,C019,P017,Examiner Verified Match,2026-02-15,Dr. Kiran Das,Metal tool,Synthetic demonstration record; examiner association recorded.
FRR-0046,FP-0046,C002,P025,Examiner Verified Match,2026-02-24,Dr. Priya Menon,Plastic container,Synthetic demonstration record; examiner association recorded.
FRR-0047,FP-0047,C005,P002,Examiner Verified Match,2026-03-05,Dr. R. Srinivas,Vehicle steering wheel,Synthetic demonstration record; examiner association recorded.
FRR-0048,FP-0048,C008,P009,Examiner Verified Match,2026-03-14,Dr. Kavya Nair,ATM kiosk surface,Synthetic demonstration record; examiner association recorded.
FRR-0049,FP-0049,C011,P016,Probable Match,2026-03-23,Dr. Anil Rao,Door handle swab,Synthetic demonstration record; result requires investigative context.
FRR-0050,FP-0050,C015,P023,Probable Match,2026-04-01,Dr. Meera Iyer,Hotel room table,Synthetic demonstration record; result requires investigative context.
FRR-0051,FP-0051,C018,P001,Probable Match,2026-04-10,Dr. Kiran Das,Window frame,Synthetic demonstration record; result requires investigative context.
FRR-0052,FP-0052,C001,P008,Probable Match,2026-04-19,Dr. Priya Menon,Mobile phone surface,Synthetic demonstration record; result requires investigative context.
FRR-0053,FP-0053,C004,P015,Probable Match,2026-04-28,Dr. R. Srinivas,Vehicle door handle,Synthetic demonstration record; result requires investigative context.
FRR-0054,FP-0054,C007,P022,Probable Match,2026-05-07,Dr. Kavya Nair,Glass tumbler,Synthetic demonstration record; result requires investigative context.
FRR-0055,FP-0055,C010,P029,Probable Match,2026-05-16,Dr. Anil Rao,Document envelope,Synthetic demonstration record; result requires investigative context.
FRR-0056,FP-0056,C013,P007,Probable Match,2026-05-25,Dr. Meera Iyer,Countertop surface,Synthetic demonstration record; result requires investigative context.
FRR-0057,FP-0057,C017,P014,Probable Match,2026-06-03,Dr. Kiran Das,Metal tool,Synthetic demonstration record; result requires investigative context.
FRR-0058,FP-0058,C020,P021,Probable Match,2026-06-12,Dr. Priya Menon,Plastic container,Synthetic demonstration record; result requires investigative context.
FRR-0059,FP-0059,C003,P028,Probable Match,2026-06-21,Dr. R. Srinivas,Vehicle steering wheel,Synthetic demonstration record; result requires investigative context.
FRR-0060,FP-0060,C006,P005,Probable Match,2026-06-30,Dr. Kavya Nair,ATM kiosk surface,Synthetic demonstration record; result requires investigative context.
FRR-0061,FP-0061,C009,P013,Probable Match,2025-01-15,Dr. Anil Rao,Door handle swab,Synthetic demonstration record; result requires investigative context.
FRR-0062,FP-0062,C012,P020,Probable Match,2025-01-24,Dr. Meera Iyer,Hotel room table,Synthetic demonstration record; result requires investigative context.
FRR-0063,FP-0063,C015,P027,Probable Match,2025-02-02,Dr. Kiran Das,Window frame,Synthetic demonstration record; result requires investigative context.
FRR-0064,FP-0064,C019,P004,Probable Match,2025-02-11,Dr. Priya Menon,Mobile phone surface,Synthetic demonstration record; result requires investigative context.
FRR-0065,FP-0065,C002,P011,Probable Match,2025-02-20,Dr. R. Srinivas,Vehicle door handle,Synthetic demonstration record; result requires investigative context.
FRR-0066,FP-0066,C005,P019,Probable Match,2025-03-01,Dr. Kavya Nair,Glass tumbler,Synthetic demonstration record; result requires investigative context.
FRR-0067,FP-0067,C008,P026,Probable Match,2025-03-10,Dr. Anil Rao,Document envelope,Synthetic demonstration record; result requires investigative context.
FRR-0068,FP-0068,C011,P003,Probable Match,2025-03-19,Dr. Meera Iyer,Countertop surface,Synthetic demonstration record; result requires investigative context.
FRR-0069,FP-0069,C014,P010,Probable Match,2025-03-28,Dr. Kiran Das,Metal tool,Synthetic demonstration record; result requires investigative context.
FRR-0070,FP-0070,C017,P017,Probable Match,2025-04-06,Dr. Priya Menon,Plastic container,Synthetic demonstration record; result requires investigative context.
FRR-0071,FP-0071,C001,P025,Probable Match,2025-04-15,Dr. R. Srinivas,Vehicle steering wheel,Synthetic demonstration record; result requires investigative context.
FRR-0072,FP-0072,C004,P002,Probable Match,2025-04-24,Dr. Kavya Nair,ATM kiosk surface,Synthetic demonstration record; result requires investigative context.
FRR-0073,FP-0073,C007,P009,Probable Match,2025-05-03,Dr. Anil Rao,Door handle swab,Synthetic demonstration record; result requires investigative context.
FRR-0074,FP-0074,C010,P016,Probable Match,2025-05-12,Dr. Meera Iyer,Hotel room table,Synthetic demonstration record; result requires investigative context.
FRR-0075,FP-0075,C013,P023,Probable Match,2025-05-21,Dr. Kiran Das,Window frame,Synthetic demonstration record; result requires investigative context.
FRR-0076,FP-0076,C016,P001,Probable Match,2025-05-30,Dr. Priya Menon,Mobile phone surface,Synthetic demonstration record; result requires investigative context.
FRR-0077,FP-0077,C019,P008,Probable Match,2025-06-08,Dr. R. Srinivas,Vehicle door handle,Synthetic demonstration record; result requires investigative context.
FRR-0078,FP-0078,C003,P015,Probable Match,2025-06-17,Dr. Kavya Nair,Glass tumbler,Synthetic demonstration record; result requires investigative context.
FRR-0079,FP-0079,C006,P022,Probable Match,2025-06-26,Dr. Anil Rao,Document envelope,Synthetic demonstration record; result requires investigative context.
FRR-0080,FP-0080,C009,P029,Probable Match,2025-07-05,Dr. Meera Iyer,Countertop surface,Synthetic demonstration record; result requires investigative context.
FRR-0081,FP-0081,C012,P007,No Match,2025-07-14,Dr. Kiran Das,Metal tool,Synthetic demonstration record; result requires investigative context.
FRR-0082,FP-0082,C015,P014,No Match,2025-07-23,Dr. Priya Menon,Plastic container,Synthetic demonstration record; result requires investigative context.
FRR-0083,FP-0083,C018,P021,No Match,2025-08-01,Dr. R. Srinivas,Vehicle steering wheel,Synthetic demonstration record; result requires investigative context.
FRR-0084,FP-0084,C001,P028,No Match,2025-08-10,Dr. Kavya Nair,ATM kiosk surface,Synthetic demonstration record; result requires investigative context.
FRR-0085,FP-0085,C005,P005,No Match,2025-08-19,Dr. Anil Rao,Door handle swab,Synthetic demonstration record; result requires investigative context.
FRR-0086,FP-0086,C008,P013,No Match,2025-08-28,Dr. Meera Iyer,Hotel room table,Synthetic demonstration record; result requires investigative context.
FRR-0087,FP-0087,C011,P020,No Match,2025-09-06,Dr. Kiran Das,Window frame,Synthetic demonstration record; result requires investigative context.
FRR-0088,FP-0088,C014,P027,No Match,2025-09-15,Dr. Priya Menon,Mobile phone surface,Synthetic demonstration record; result requires investigative context.
FRR-0089,FP-0089,C017,P004,No Match,2025-09-24,Dr. R. Srinivas,Vehicle door handle,Synthetic demonstration record; result requires investigative context.
FRR-0090,FP-0090,C020,P011,No Match,2025-10-03,Dr. Kavya Nair,Glass tumbler,Synthetic demonstration record; result requires investigative context.
FRR-0091,FP-0091,C003,P019,No Match,2025-10-12,Dr. Anil Rao,Document envelope,Synthetic demonstration record; result requires investigative context.
FRR-0092,FP-0092,C007,P026,No Match,2025-10-21,Dr. Meera Iyer,Countertop surface,Synthetic demonstration record; result requires investigative context.
FRR-0093,FP-0093,C010,P003,No Match,2025-10-30,Dr. Kiran Das,Metal tool,Synthetic demonstration record; result requires investigative context.
FRR-0094,FP-0094,C013,P010,No Match,2025-11-08,Dr. Priya Menon,Plastic container,Synthetic demonstration record; result requires investigative context.
FRR-0095,FP-0095,C016,P017,No Match,2025-11-17,Dr. R. Srinivas,Vehicle steering wheel,Synthetic demonstration record; result requires investigative context.
FRR-0096,FP-0096,C019,P025,No Match,2025-11-26,Dr. Kavya Nair,ATM kiosk surface,Synthetic demonstration record; result requires investigative context.
FRR-0097,FP-0097,C002,P002,No Match,2025-12-05,Dr. Anil Rao,Door handle swab,Synthetic demonstration record; result requires investigative context.
FRR-0098,FP-0098,C005,P009,No Match,2025-12-14,Dr. Meera Iyer,Hotel room table,Synthetic demonstration record; result requires investigative context.
FRR-0099,FP-0099,C009,P016,No Match,2025-12-23,Dr. Kiran Das,Window frame,Synthetic demonstration record; result requires investigative context.
FRR-0100,FP-0100,C012,P023,No Match,2026-01-01,Dr. Priya Menon,Mobile phone surface,Synthetic demonstration record; result requires investigative context.
FRR-0101,FP-0101,C015,P001,No Match,2026-01-10,Dr. R. Srinivas,Vehicle door handle,Synthetic demonstration record; result requires investigative context.
FRR-0102,FP-0102,C018,P008,No Match,2026-01-19,Dr. Kavya Nair,Glass tumbler,Synthetic demonstration record; result requires investigative context.
FRR-0103,FP-0103,C001,P015,No Match,2026-01-28,Dr. Anil Rao,Document envelope,Synthetic demonstration record; result requires investigative context.
FRR-0104,FP-0104,C004,P022,No Match,2026-02-06,Dr. Meera Iyer,Countertop surface,Synthetic demonstration record; result requires investigative context.
FRR-0105,FP-0105,C007,P029,No Match,2026-02-15,Dr. Kiran Das,Metal tool,Synthetic demonstration record; result requires investigative context.
FRR-0106,FP-0106,C011,P007,No Match,2026-02-24,Dr. Priya Menon,Plastic container,Synthetic demonstration record; result requires investigative context.
FRR-0107,FP-0107,C014,P014,No Match,2026-03-05,Dr. R. Srinivas,Vehicle steering wheel,Synthetic demonstration record; result requires investigative context.
FRR-0108,FP-0108,C017,P021,No Match,2026-03-14,Dr. Kavya Nair,ATM kiosk surface,Synthetic demonstration record; result requires investigative context.
FRR-0109,FP-0109,C020,P028,No Match,2026-03-23,Dr. Anil Rao,Door handle swab,Synthetic demonstration record; result requires investigative context.
FRR-0110,FP-0110,C003,P005,No Match,2026-04-01,Dr. Meera Iyer,Hotel room table,Synthetic demonstration record; result requires investigative context.
FRR-0111,FP-0111,C006,P013,Insufficient Quality,2026-04-10,Dr. Kiran Das,Window frame,Synthetic demonstration record; result requires investigative context.
FRR-0112,FP-0112,C009,P020,Insufficient Quality,2026-04-19,Dr. Priya Menon,Mobile phone surface,Synthetic demonstration record; result requires investigative context.
FRR-0113,FP-0113,C013,P027,Insufficient Quality,2026-04-28,Dr. R. Srinivas,Vehicle door handle,Synthetic demonstration record; result requires investigative context.
FRR-0114,FP-0114,C016,P004,Insufficient Quality,2026-05-07,Dr. Kavya Nair,Glass tumbler,Synthetic demonstration record; result requires investigative context.
FRR-0115,FP-0115,C019,P011,Insufficient Quality,2026-05-16,Dr. Anil Rao,Document envelope,Synthetic demonstration record; result requires investigative context.
FRR-0116,FP-0116,C002,P019,Insufficient Quality,2026-05-25,Dr. Meera Iyer,Countertop surface,Synthetic demonstration record; result requires investigative context.
FRR-0117,FP-0117,C005,P026,Insufficient Quality,2026-06-03,Dr. Kiran Das,Metal tool,Synthetic demonstration record; result requires investigative context.
FRR-0118,FP-0118,C008,P003,Insufficient Quality,2026-06-12,Dr. Priya Menon,Plastic container,Synthetic demonstration record; result requires investigative context.
FRR-0119,FP-0119,C011,P010,Insufficient Quality,2026-06-21,Dr. R. Srinivas,Vehicle steering wheel,Synthetic demonstration record; result requires investigative context.
FRR-0120,FP-0120,C015,P017,Insufficient Quality,2026-06-30,Dr. Kavya Nair,ATM kiosk surface,Synthetic demonstration record; result requires investigative context.
FRR-0121,FP-0121,C018,P025,Insufficient Quality,2025-01-15,Dr. Anil Rao,Door handle swab,Synthetic demonstration record; result requires investigative context.
FRR-0122,FP-0122,C001,P002,Insufficient Quality,2025-01-24,Dr. Meera Iyer,Hotel room table,Synthetic demonstration record; result requires investigative context.
FRR-0123,FP-0123,C004,P009,Insufficient Quality,2025-02-02,Dr. Kiran Das,Window frame,Synthetic demonstration record; result requires investigative context.
FRR-0124,FP-0124,C007,P016,Insufficient Quality,2025-02-11,Dr. Priya Menon,Mobile phone surface,Synthetic demonstration record; result requires investigative context.
FRR-0125,FP-0125,C010,P023,Insufficient Quality,2025-02-20,Dr. R. Srinivas,Vehicle door handle,Synthetic demonstration record; result requires investigative context.
FRR-0126,FP-0126,C013,P001,Insufficient Quality,2025-03-01,Dr. Kavya Nair,Glass tumbler,Synthetic demonstration record; result requires investigative context.
FRR-0127,FP-0127,C017,P008,Insufficient Quality,2025-03-10,Dr. Anil Rao,Document envelope,Synthetic demonstration record; result requires investigative context.
FRR-0128,FP-0128,C020,P015,Insufficient Quality,2025-03-19,Dr. Meera Iyer,Countertop surface,Synthetic demonstration record; result requires investigative context.
FRR-0129,FP-0129,C003,P022,Insufficient Quality,2025-03-28,Dr. Kiran Das,Metal tool,Synthetic demonstration record; result requires investigative context.
FRR-0130,FP-0130,C006,P029,Insufficient Quality,2025-04-06,Dr. Priya Menon,Plastic container,Synthetic demonstration record; result requires investigative context.
FRR-0131,FP-0131,C009,P007,Pending Examiner Review,2025-04-15,Dr. R. Srinivas,Vehicle steering wheel,Synthetic demonstration record; result requires investigative context.
FRR-0132,FP-0132,C012,P014,Pending Examiner Review,2025-04-24,Dr. Kavya Nair,ATM kiosk surface,Synthetic demonstration record; result requires investigative context.
FRR-0133,FP-0133,C015,P021,Pending Examiner Review,2025-05-03,Dr. Anil Rao,Door handle swab,Synthetic demonstration record; result requires investigative context.
FRR-0134,FP-0134,C019,P028,Pending Examiner Review,2025-05-12,Dr. Meera Iyer,Hotel room table,Synthetic demonstration record; result requires investigative context.
FRR-0135,FP-0135,C002,P005,Pending Examiner Review,2025-05-21,Dr. Kiran Das,Window frame,Synthetic demonstration record; result requires investigative context.
FRR-0136,FP-0136,C005,P013,Pending Examiner Review,2025-05-30,Dr. Priya Menon,Mobile phone surface,Synthetic demonstration record; result requires investigative context.
FRR-0137,FP-0137,C008,P020,Pending Examiner Review,2025-06-08,Dr. R. Srinivas,Vehicle door handle,Synthetic demonstration record; result requires investigative context.
FRR-0138,FP-0138,C011,P027,Pending Examiner Review,2025-06-17,Dr. Kavya Nair,Glass tumbler,Synthetic demonstration record; result requires investigative context.
FRR-0139,FP-0139,C014,P004,Pending Examiner Review,2025-06-26,Dr. Anil Rao,Document envelope,Synthetic demonstration record; result requires investigative context.
FRR-0140,FP-0140,C017,P011,Pending Examiner Review,2025-07-05,Dr. Meera Iyer,Countertop surface,Synthetic demonstration record; result requires investigative context.
FRR-0141,FP-0141,C001,P019,Pending Examiner Review,2025-07-14,Dr. Kiran Das,Metal tool,Synthetic demonstration record; result requires investigative context.
FRR-0142,FP-0142,C004,P026,Pending Examiner Review,2025-07-23,Dr. Priya Menon,Plastic container,Synthetic demonstration record; result requires investigative context.
FRR-0143,FP-0143,C007,P003,Pending Examiner Review,2025-08-01,Dr. R. Srinivas,Vehicle steering wheel,Synthetic demonstration record; result requires investigative context.
FRR-0144,FP-0144,C010,P010,Pending Examiner Review,2025-08-10,Dr. Kavya Nair,ATM kiosk surface,Synthetic demonstration record; result requires investigative context.
FRR-0145,FP-0145,C013,P017,Pending Examiner Review,2025-08-19,Dr. Anil Rao,Door handle swab,Synthetic demonstration record; result requires investigative context.
FRR-0146,FP-0146,C016,P025,Pending Examiner Review,2025-08-28,Dr. Meera Iyer,Hotel room table,Synthetic demonstration record; result requires investigative context.
FRR-0147,FP-0147,C019,P002,Pending Examiner Review,2025-09-06,Dr. Kiran Das,Window frame,Synthetic demonstration record; result requires investigative context.
FRR-0148,FP-0148,C003,P009,Pending Examiner Review,2025-09-15,Dr. Priya Menon,Mobile phone surface,Synthetic demonstration record; result requires investigative context.
FRR-0149,FP-0149,C006,P016,Pending Examiner Review,2025-09-24,Dr. R. Srinivas,Vehicle door handle,Synthetic demonstration record; result requires investigative context.
FRR-0150,FP-0150,C009,P023,Pending Examiner Review,2025-10-03,Dr. Kavya Nair,Glass tumbler,Synthetic demonstration record; result requires investigative context.
