event_id,person_id,location_id,event_date
LE0001,P047,L002,2026-04-20
LE0002,P123,L012,2026-05-23
LE0003,P064,L023,2026-04-18
LE0004,P098,L029,2026-01-19
LE0005,P012,L012,2026-04-23
LE0006,P030,L003,2025-09-27
LE0007,P122,L003,2026-02-20
LE0008,P109,L022,2025-10-23
LE0009,P016,L008,2026-06-13
LE0010,P138,L025,2026-03-23
LE0011,P143,L026,2025-11-07
LE0012,P102,L007,2025-12-26
LE0013,P108,L011,2026-06-06
LE0014,P064,L014,2026-08-29
LE0015,P033,L004,2026-01-11
LE0016,P132,L019,2026-06-26
LE0017,P067,L011,2026-03-09
LE0018,P096,L020,2026-07-22
LE0019,P015,L013,2026-05-30
LE0020,P125,L001,2026-01-13
LE0021,P013,L001,2026-07-22
LE0022,P147,L010,2025-10-29
LE0023,P035,L010,2025-10-24
LE0024,P136,L019,2026-01-27
LE0025,P065,L006,2026-01-06
LE0026,P013,L010,2026-08-11
LE0027,P097,L013,2025-11-01
LE0028,P071,L026,2025-11-01
LE0029,P143,L020,2026-07-03
LE0030,P112,L014,2026-03-06
LE0031,P128,L014,2025-12-02
LE0032,P013,L011,2026-07-14
LE0033,P112,L009,2026-07-19
LE0034,P042,L001,2026-03-20
LE0035,P080,L011,2026-03-31
LE0036,P109,L028,2026-07-12
LE0037,P094,L016,2026-02-17
LE0038,P114,L011,2026-04-19
LE0039,P138,L029,2025-10-31
LE0040,P008,L019,2025-11-27
LE0041,P116,L026,2026-06-08
LE0042,P079,L025,2026-08-24
LE0043,P082,L008,2026-02-11
LE0044,P050,L026,2025-09-19
LE0045,P130,L026,2026-08-08
LE0046,P008,L014,2026-02-12
LE0047,P034,L008,2025-11-19
LE0048,P095,L009,2026-04-09
LE0049,P104,L029,2025-10-03
LE0050,P098,L026,2025-11-06
LE0051,P034,L028,2025-10-12
LE0052,P048,L025,2025-10-20
LE0053,P108,L011,2026-03-21
LE0054,P075,L002,2025-10-06
LE0055,P028,L013,2025-10-24
LE0056,P086,L020,2026-02-14
LE0057,P089,L008,2026-04-02
LE0058,P014,L001,2026-04-12
LE0059,P109,L006,2026-08-21
LE0060,P048,L004,2026-01-17
LE0061,P045,L005,2026-07-13
LE0062,P076,L006,2025-10-13
LE0063,P116,L014,2026-02-28
LE0064,P123,L023,2025-10-24
LE0065,P122,L010,2026-07-16
LE0066,P103,L005,2026-06-30
LE0067,P081,L020,2026-04-03
LE0068,P018,L013,2025-12-04
LE0069,P008,L004,2026-01-05
LE0070,P021,L006,2025-12-04
LE0071,P072,L023,2025-12-28
LE0072,P026,L003,2025-11-24
LE0073,P096,L030,2026-01-24
LE0074,P129,L027,2026-07-19
LE0075,P065,L018,2025-09-04
LE0076,P133,L021,2025-12-08
LE0077,P100,L002,2026-07-28
LE0078,P002,L025,2026-06-22
LE0079,P138,L001,2025-11-19
LE0080,P028,L016,2026-01-26
LE0081,P133,L013,2026-05-15
LE0082,P124,L023,2026-02-09
LE0083,P127,L018,2026-05-09
LE0084,P033,L007,2025-09-09
LE0085,P021,L006,2025-11-02
LE0086,P148,L020,2026-05-07
LE0087,P092,L015,2025-12-01
LE0088,P004,L030,2026-04-25
LE0089,P070,L015,2025-12-20
LE0090,P035,L023,2025-11-14
LE0091,P105,L026,2026-06-01
LE0092,P068,L028,2026-03-04
LE0093,P043,L021,2026-07-09
LE0094,P109,L003,2026-06-05
LE0095,P038,L024,2025-11-13
LE0096,P029,L030,2026-08-21
LE0097,P043,L002,2026-03-16
LE0098,P053,L017,2026-03-20
LE0099,P065,L008,2025-11-30
LE0100,P123,L011,2025-11-21
LE0101,P059,L014,2026-04-22
LE0102,P089,L023,2026-07-24
LE0103,P099,L028,2025-11-23
LE0104,P137,L002,2025-09-18
LE0105,P119,L018,2025-11-24
LE0106,P090,L027,2026-01-19
LE0107,P044,L012,2026-06-29
LE0108,P068,L017,2026-05-15
LE0109,P045,L010,2026-08-02
LE0110,P033,L004,2026-01-21
LE0111,P143,L023,2026-06-26
LE0112,P060,L017,2026-06-10
LE0113,P084,L029,2026-03-14
LE0114,P065,L012,2025-12-24
LE0115,P069,L002,2026-04-26
LE0116,P009,L022,2026-07-04
LE0117,P110,L009,2026-01-24
LE0118,P079,L021,2026-03-10
LE0119,P095,L010,2025-12-09
LE0120,P120,L011,2026-07-07
LE0121,P038,L028,2025-10-09
LE0122,P051,L028,2026-05-11
LE0123,P020,L004,2026-08-24
LE0124,P036,L007,2026-05-31
LE0125,P040,L030,2025-09-14
LE0126,P115,L010,2025-12-17
LE0127,P138,L020,2026-06-06
LE0128,P126,L022,2026-04-05
LE0129,P022,L015,2026-05-16
LE0130,P113,L029,2026-08-09
LE0131,P102,L025,2026-01-17
LE0132,P053,L008,2026-06-29
LE0133,P076,L021,2025-09-05
LE0134,P043,L016,2025-10-31
LE0135,P044,L001,2025-11-01
LE0136,P050,L028,2026-07-03
LE0137,P143,L018,2025-10-23
LE0138,P098,L022,2026-03-01
LE0139,P044,L027,2026-07-23
LE0140,P019,L029,2026-04-12
LE0141,P122,L012,2026-07-14
LE0142,P004,L021,2026-03-02
LE0143,P139,L002,2026-04-09
LE0144,P018,L020,2026-08-22
LE0145,P100,L008,2026-08-24
LE0146,P011,L009,2026-07-11
LE0147,P085,L023,2026-05-02
LE0148,P050,L002,2026-07-26
LE0149,P099,L020,2026-03-19
LE0150,P059,L011,2026-03-22
LE0151,P140,L017,2026-03-30
LE0152,P038,L009,2026-03-23
LE0153,P059,L011,2025-10-15
LE0154,P059,L029,2026-03-23
LE0155,P079,L001,2026-02-26
LE0156,P010,L028,2026-03-17
LE0157,P027,L017,2026-07-18
LE0158,P018,L023,2025-10-11
LE0159,P102,L015,2025-10-05
LE0160,P122,L017,2026-06-21
LE0161,P074,L017,2026-07-11
LE0162,P018,L027,2025-12-03
LE0163,P109,L012,2025-09-20
LE0164,P045,L009,2026-02-15
LE0165,P066,L009,2026-02-10
LE0166,P093,L009,2026-03-28
LE0167,P068,L014,2026-01-16
LE0168,P014,L027,2025-11-22
LE0169,P137,L007,2025-10-21
LE0170,P137,L029,2025-10-20
LE0171,P093,L023,2026-05-09
LE0172,P017,L016,2026-06-10
LE0173,P056,L015,2025-09-03
LE0174,P142,L004,2025-11-05
LE0175,P004,L021,2025-09-20
LE0176,P083,L008,2026-08-14
LE0177,P032,L005,2026-04-10
LE0178,P138,L015,2026-08-26
LE0179,P129,L017,2026-03-07
LE0180,P066,L028,2026-08-21
LE0181,P138,L024,2026-05-16
LE0182,P099,L026,2025-09-16
LE0183,P146,L019,2026-06-04
LE0184,P109,L019,2026-04-17
LE0185,P136,L017,2026-02-09
LE0186,P040,L029,2026-07-10
LE0187,P016,L010,2025-11-10
LE0188,P081,L016,2025-11-22
LE0189,P149,L023,2026-06-15
LE0190,P035,L027,2025-09-26
LE0191,P123,L004,2026-05-15
LE0192,P071,L027,2025-09-30
LE0193,P116,L022,2026-08-03
LE0194,P036,L009,2026-05-25
LE0195,P097,L008,2026-07-18
LE0196,P010,L026,2026-01-04
LE0197,P023,L028,2026-07-28
LE0198,P139,L024,2025-10-03
LE0199,P098,L023,2025-10-17
LE0200,P065,L006,2025-12-24
LE0201,P069,L005,2026-08-05
LE0202,P053,L027,2026-01-16
LE0203,P143,L021,2025-12-24
LE0204,P058,L019,2026-04-20
LE0205,P116,L006,2026-08-28
LE0206,P134,L008,2026-04-21
LE0207,P061,L019,2026-07-23
LE0208,P027,L005,2026-07-05
LE0209,P029,L021,2026-08-26
LE0210,P141,L016,2026-02-20
LE0211,P008,L013,2026-02-25
LE0212,P041,L029,2026-04-18
LE0213,P146,L007,2025-09-15
LE0214,P045,L017,2025-11-24
LE0215,P132,L030,2026-03-31
LE0216,P013,L023,2025-12-10
LE0217,P148,L018,2026-03-27
LE0218,P055,L006,2025-12-13
LE0219,P038,L004,2026-01-26
LE0220,P012,L027,2025-10-20
LE0221,P030,L001,2026-03-23
LE0222,P048,L008,2026-03-05
LE0223,P045,L029,2026-01-26
LE0224,P001,L001,2026-02-14
LE0225,P017,L023,2026-04-04
LE0226,P134,L013,2026-08-24
LE0227,P119,L014,2026-07-01
LE0228,P098,L004,2026-07-26
LE0229,P012,L030,2026-05-26
LE0230,P008,L017,2026-03-19
LE0231,P143,L030,2026-04-24
LE0232,P124,L023,2026-08-10
LE0233,P099,L004,2025-10-07
LE0234,P003,L018,2026-07-01
LE0235,P022,L027,2026-03-31
LE0236,P076,L007,2026-08-04
LE0237,P096,L013,2025-12-20
LE0238,P024,L010,2025-12-30
LE0239,P016,L030,2025-12-19
LE0240,P061,L029,2026-01-13
LE0241,P142,L010,2025-09-15
LE0242,P082,L021,2026-07-13
LE0243,P063,L021,2026-03-04
LE0244,P022,L019,2025-12-04
LE0245,P131,L025,2026-08-14
LE0246,P013,L026,2025-12-22
LE0247,P124,L009,2026-05-15
LE0248,P108,L026,2026-04-28
LE0249,P141,L021,2026-04-25
LE0250,P036,L007,2025-09-15
LE0251,P081,L010,2026-07-25
LE0252,P105,L028,2025-10-21
LE0253,P081,L027,2025-10-11
LE0254,P026,L002,2026-03-15
LE0255,P001,L007,2025-12-15
LE0256,P005,L015,2025-09-04
LE0257,P104,L030,2025-10-25
LE0258,P047,L001,2025-12-18
LE0259,P095,L027,2026-06-01
LE0260,P072,L011,2026-04-26
LE0261,P098,L015,2026-09-02
LE0262,P020,L011,2026-04-19
LE0263,P006,L029,2025-12-10
LE0264,P012,L014,2026-02-20
LE0265,P111,L029,2026-06-13
LE0266,P100,L014,2026-04-21
LE0267,P069,L003,2025-11-04
LE0268,P019,L001,2026-08-24
LE0269,P101,L030,2026-05-25
LE0270,P095,L010,2025-09-05
LE0271,P023,L023,2026-08-01
LE0272,P024,L023,2025-10-01
LE0273,P058,L010,2025-11-25
LE0274,P001,L026,2026-02-28
LE0275,P115,L018,2026-07-27
LE0276,P083,L004,2026-01-15
LE0277,P103,L020,2026-04-08
LE0278,P069,L025,2026-03-17
LE0279,P121,L002,2025-09-17
LE0280,P134,L020,2025-09-07
LE0281,P004,L012,2026-06-20
LE0282,P144,L025,2025-10-27
LE0283,P050,L014,2025-11-15
LE0284,P108,L018,2026-07-09
LE0285,P052,L010,2025-10-06
LE0286,P142,L005,2026-05-20
LE0287,P097,L018,2025-11-24
LE0288,P146,L019,2025-12-01
LE0289,P104,L006,2026-04-04
LE0290,P100,L020,2026-01-24
LE0291,P118,L026,2026-06-15
LE0292,P004,L017,2026-07-04
LE0293,P060,L018,2026-08-17
LE0294,P111,L018,2026-06-02
LE0295,P143,L017,2026-04-29
LE0296,P145,L004,2026-04-08
LE0297,P121,L017,2026-02-05
LE0298,P125,L026,2025-12-22
LE0299,P019,L012,2026-04-01
LE0300,P008,L012,2026-01-19
LE0301,P110,L006,2025-12-30
LE0302,P093,L015,2026-07-10
LE0303,P020,L019,2026-02-10
LE0304,P117,L029,2026-04-15
LE0305,P097,L001,2026-05-06
LE0306,P061,L005,2026-06-16
LE0307,P006,L003,2026-03-09
LE0308,P034,L014,2026-07-12
LE0309,P092,L015,2026-04-07
LE0310,P134,L019,2026-06-25
LE0311,P144,L027,2026-02-28
LE0312,P048,L013,2026-07-13
LE0313,P004,L010,2025-12-25
LE0314,P021,L018,2026-03-26
LE0315,P002,L025,2025-11-12
LE0316,P147,L012,2025-11-16
LE0317,P036,L003,2025-09-03
LE0318,P119,L012,2026-01-21
LE0319,P086,L017,2026-08-07
LE0320,P081,L004,2026-05-30
LE0321,P118,L016,2025-10-04
LE0322,P117,L010,2026-01-04
LE0323,P024,L022,2026-05-25
LE0324,P036,L016,2026-08-04
LE0325,P076,L013,2026-08-20
LE0326,P048,L026,2026-06-20
LE0327,P020,L004,2025-12-12
LE0328,P139,L022,2026-02-25
LE0329,P142,L005,2026-07-19
LE0330,P072,L003,2025-10-29
LE0331,P104,L005,2025-09-28
LE0332,P112,L009,2025-11-15
LE0333,P046,L006,2025-12-12
LE0334,P037,L020,2026-06-28
LE0335,P123,L011,2025-11-06
LE0336,P132,L019,2025-10-16
LE0337,P020,L015,2026-06-08
LE0338,P014,L026,2026-07-30
LE0339,P068,L024,2025-09-30
LE0340,P094,L009,2026-01-18
LE0341,P034,L004,2026-06-20
LE0342,P142,L012,2026-07-03
LE0343,P076,L012,2025-09-03
LE0344,P125,L027,2025-10-26
LE0345,P012,L011,2026-05-10
LE0346,P112,L025,2026-04-06
LE0347,P130,L005,2025-11-22
LE0348,P001,L028,2026-07-24
LE0349,P148,L005,2026-05-31
LE0350,P033,L028,2026-06-25
LE0351,P094,L016,2026-08-21
LE0352,P001,L023,2026-03-02
LE0353,P148,L001,2026-07-22
LE0354,P013,L003,2026-03-03
LE0355,P103,L008,2026-04-16
LE0356,P088,L014,2026-01-21
LE0357,P071,L002,2026-06-02
LE0358,P118,L006,2025-12-27
LE0359,P055,L027,2025-11-22
LE0360,P035,L009,2025-12-10
LE0361,P121,L006,2026-04-18
LE0362,P129,L006,2026-06-10
LE0363,P144,L020,2026-05-12
LE0364,P084,L029,2026-02-01
LE0365,P072,L001,2025-11-04
LE0366,P015,L003,2025-11-15
LE0367,P125,L017,2026-07-21
LE0368,P133,L006,2026-04-13
LE0369,P042,L023,2026-03-14
LE0370,P068,L023,2026-06-05
LE0371,P116,L008,2026-04-11
LE0372,P024,L005,2025-12-29
LE0373,P108,L003,2025-10-09
LE0374,P100,L030,2026-07-16
LE0375,P139,L030,2026-04-29
LE0376,P096,L001,2026-05-24
LE0377,P124,L003,2026-09-03
LE0378,P016,L026,2026-08-01
LE0379,P090,L018,2026-06-26
LE0380,P016,L003,2026-03-11
LE0381,P030,L019,2026-03-25
LE0382,P096,L001,2025-11-21
LE0383,P046,L028,2026-03-02
LE0384,P119,L029,2026-07-28
LE0385,P028,L027,2026-08-17
LE0386,P023,L011,2026-01-14
LE0387,P048,L014,2026-04-09
LE0388,P021,L024,2026-01-28
LE0389,P012,L024,2026-04-22
LE0390,P093,L008,2026-01-28
LE0391,P113,L002,2025-10-19
LE0392,P146,L005,2026-07-21
LE0393,P052,L002,2025-09-12
LE0394,P009,L015,2026-04-10
LE0395,P019,L026,2026-08-15
LE0396,P111,L019,2026-03-25
LE0397,P081,L022,2026-04-14
LE0398,P004,L001,2025-09-12
LE0399,P124,L009,2025-12-17
LE0400,P023,L029,2026-06-30
LE0401,P130,L019,2026-07-24
LE0402,P080,L018,2026-04-11
LE0403,P084,L023,2026-02-03
LE0404,P076,L008,2026-05-13
LE0405,P037,L026,2025-10-09
LE0406,P146,L017,2026-03-08
LE0407,P120,L014,2026-03-03
LE0408,P143,L019,2026-03-25
LE0409,P055,L028,2026-02-19
LE0410,P106,L012,2026-07-02
LE0411,P034,L020,2025-10-19
LE0412,P066,L009,2026-04-14
LE0413,P121,L025,2025-12-18
LE0414,P030,L014,2026-08-28
LE0415,P023,L020,2025-10-11
LE0416,P132,L030,2025-10-26
LE0417,P037,L016,2026-06-12
LE0418,P052,L026,2025-09-07
LE0419,P080,L026,2026-06-14
LE0420,P138,L003,2026-01-01
LE0421,P055,L029,2025-11-13
LE0422,P019,L002,2026-06-13
LE0423,P067,L011,2026-02-01
LE0424,P012,L005,2026-04-13
LE0425,P091,L025,2026-04-20
LE0426,P144,L022,2026-05-28
LE0427,P104,L008,2026-02-24
LE0428,P047,L003,2026-06-29
LE0429,P120,L029,2026-01-03
LE0430,P076,L007,2026-06-30
LE0431,P093,L015,2026-08-31
LE0432,P066,L017,2026-04-22
LE0433,P062,L011,2025-11-07
LE0434,P039,L014,2026-04-11
LE0435,P136,L002,2026-08-17
LE0436,P104,L028,2025-11-13
LE0437,P070,L018,2025-10-18
LE0438,P112,L002,2026-02-28
LE0439,P110,L015,2026-08-02
LE0440,P050,L019,2026-05-26
LE0441,P141,L008,2026-05-30
LE0442,P065,L029,2026-08-04
LE0443,P077,L030,2025-09-25
LE0444,P139,L017,2025-11-12
LE0445,P050,L018,2026-03-03
LE0446,P078,L006,2025-11-18
LE0447,P082,L026,2026-03-06
LE0448,P059,L013,2026-06-09
LE0449,P077,L013,2026-04-25
LE0450,P036,L018,2026-05-11
LE0451,P013,L011,2026-02-06
LE0452,P086,L002,2025-12-02
LE0453,P115,L027,2026-06-25
LE0454,P114,L030,2025-11-23
LE0455,P071,L023,2026-01-10
LE0456,P013,L013,2025-12-01
LE0457,P093,L015,2026-08-04
LE0458,P086,L012,2025-11-30
LE0459,P021,L012,2026-06-16
LE0460,P102,L006,2026-05-17
LE0461,P053,L019,2025-09-16
LE0462,P047,L024,2026-06-11
LE0463,P003,L020,2025-11-11
LE0464,P009,L018,2025-11-01
LE0465,P086,L029,2026-06-05
LE0466,P084,L004,2026-06-01
LE0467,P011,L016,2025-10-24
LE0468,P080,L024,2025-12-14
LE0469,P008,L022,2026-02-22
LE0470,P027,L029,2026-07-02
LE0471,P060,L004,2026-04-20
LE0472,P022,L004,2026-05-19
LE0473,P119,L025,2026-07-30
LE0474,P130,L013,2026-08-25
LE0475,P025,L020,2026-02-23
LE0476,P005,L005,2026-02-28
LE0477,P085,L026,2026-04-09
LE0478,P076,L023,2025-09-23
LE0479,P114,L022,2026-02-19
LE0480,P100,L002,2025-09-30
LE0481,P046,L006,2025-10-15
LE0482,P007,L013,2026-02-18
LE0483,P095,L030,2026-02-01
LE0484,P060,L011,2026-08-19
LE0485,P069,L023,2026-02-01
LE0486,P022,L022,2025-12-16
LE0487,P046,L001,2026-05-20
LE0488,P022,L022,2026-03-20
LE0489,P035,L006,2025-11-18
LE0490,P113,L029,2026-07-21
LE0491,P081,L026,2026-08-17
LE0492,P145,L012,2026-05-07
LE0493,P016,L001,2025-10-22
LE0494,P041,L028,2026-07-29
LE0495,P107,L025,2026-03-21
LE0496,P013,L003,2025-10-21
LE0497,P082,L004,2026-07-20
LE0498,P087,L007,2025-11-01
LE0499,P047,L030,2026-04-29
LE0500,P089,L026,2026-06-05
LE0501,P067,L015,2026-01-18
LE0502,P087,L002,2025-11-21
LE0503,P113,L010,2026-04-30
LE0504,P012,L027,2025-10-13
LE0505,P127,L004,2026-03-23
LE0506,P114,L023,2025-12-05
LE0507,P049,L028,2026-08-22
LE0508,P034,L015,2026-06-26
LE0509,P141,L002,2025-12-17
LE0510,P091,L023,2025-10-24
LE0511,P094,L021,2026-01-10
LE0512,P008,L030,2026-06-26
LE0513,P060,L022,2026-06-24
LE0514,P017,L002,2025-09-17
LE0515,P003,L013,2026-03-29
LE0516,P074,L022,2026-01-31
LE0517,P056,L010,2026-02-15
LE0518,P004,L007,2025-12-28
LE0519,P149,L004,2025-09-22
LE0520,P001,L009,2026-07-31
LE0521,P090,L005,2025-11-20
LE0522,P009,L029,2025-11-05
LE0523,P055,L014,2026-07-05
LE0524,P012,L017,2025-09-13
LE0525,P073,L003,2025-11-20
LE0526,P019,L018,2026-02-02
LE0527,P077,L021,2026-04-06
LE0528,P025,L008,2026-06-02
LE0529,P087,L029,2025-09-06
LE0530,P045,L018,2026-01-27
LE0531,P092,L012,2026-01-02
LE0532,P063,L030,2026-02-15
LE0533,P096,L022,2026-04-16
LE0534,P146,L011,2026-05-25
LE0535,P038,L002,2026-06-18
LE0536,P093,L013,2026-04-20
LE0537,P019,L002,2025-11-02
LE0538,P016,L014,2025-11-13
LE0539,P125,L019,2026-07-08
LE0540,P148,L001,2026-03-05
LE0541,P005,L013,2025-09-24
LE0542,P147,L014,2025-12-22
LE0543,P141,L002,2025-09-03
LE0544,P019,L018,2025-11-01
LE0545,P100,L023,2026-07-27
LE0546,P113,L016,2026-04-22
LE0547,P068,L002,2026-04-24
LE0548,P062,L016,2025-11-22
LE0549,P129,L009,2025-10-12
LE0550,P033,L023,2025-10-01
LE0551,P056,L022,2026-08-15
LE0552,P050,L019,2026-03-28
LE0553,P074,L010,2026-01-07
LE0554,P149,L023,2026-08-13
LE0555,P096,L028,2026-07-22
LE0556,P058,L001,2025-10-25
LE0557,P001,L013,2026-08-03
LE0558,P126,L015,2026-04-25
LE0559,P097,L025,2026-02-25
LE0560,P041,L011,2025-12-22
LE0561,P084,L001,2026-02-20
LE0562,P056,L006,2025-11-03
LE0563,P090,L027,2026-01-10
LE0564,P003,L003,2026-01-15
LE0565,P127,L007,2026-07-04
LE0566,P098,L011,2026-08-21
LE0567,P066,L005,2026-05-31
LE0568,P101,L006,2026-08-26
LE0569,P074,L004,2026-03-04
LE0570,P118,L018,2026-04-07
LE0571,P066,L006,2025-10-08
LE0572,P150,L002,2026-05-15
LE0573,P048,L022,2026-01-06
LE0574,P147,L023,2025-11-06
LE0575,P039,L008,2026-01-08
LE0576,P057,L010,2026-03-28
LE0577,P085,L028,2026-08-17
LE0578,P025,L003,2026-06-12
LE0579,P004,L024,2025-12-24
LE0580,P009,L019,2026-07-27
LE0581,P011,L021,2025-10-03
LE0582,P108,L027,2026-02-27
LE0583,P012,L012,2026-07-08
LE0584,P063,L001,2025-12-21
LE0585,P139,L018,2025-09-29
LE0586,P106,L017,2025-12-13
LE0587,P065,L008,2026-02-07
LE0588,P004,L005,2026-08-16
LE0589,P030,L003,2025-09-13
LE0590,P099,L013,2025-09-04
LE0591,P114,L008,2026-06-25
LE0592,P035,L020,2025-09-30
LE0593,P002,L010,2026-06-19
LE0594,P086,L030,2026-06-17
LE0595,P117,L011,2026-01-19
LE0596,P145,L018,2025-11-24
LE0597,P140,L015,2026-03-10
LE0598,P083,L028,2026-06-20
LE0599,P145,L028,2026-03-31
LE0600,P048,L003,2025-11-01
LE0601,P044,L019,2026-07-10
LE0602,P109,L010,2025-09-10
LE0603,P043,L013,2026-05-07
LE0604,P012,L008,2026-01-21
LE0605,P062,L014,2026-06-21
LE0606,P046,L026,2025-10-12
LE0607,P003,L029,2025-12-31
LE0608,P037,L015,2026-03-07
LE0609,P095,L012,2026-07-21
LE0610,P134,L006,2026-04-11
LE0611,P020,L009,2025-10-01
LE0612,P119,L015,2025-11-27
LE0613,P007,L023,2026-04-09
LE0614,P033,L001,2026-03-24
LE0615,P114,L004,2026-07-01
LE0616,P024,L026,2026-06-13
LE0617,P089,L027,2025-12-21
LE0618,P042,L008,2025-10-30
LE0619,P141,L001,2025-11-07
LE0620,P047,L007,2026-03-28
LE0621,P111,L023,2026-05-19
LE0622,P044,L004,2026-01-07
LE0623,P044,L003,2025-10-15
LE0624,P091,L030,2026-07-13
LE0625,P135,L026,2025-11-22
LE0626,P032,L017,2026-02-05
LE0627,P147,L030,2026-01-16
LE0628,P126,L024,2026-03-03
LE0629,P002,L022,2025-09-17
LE0630,P094,L019,2025-09-16
LE0631,P025,L014,2026-03-30
LE0632,P028,L025,2025-12-07
LE0633,P029,L017,2026-03-08
LE0634,P112,L007,2026-01-25
LE0635,P138,L012,2026-06-02
LE0636,P086,L018,2025-10-15
LE0637,P141,L003,2026-05-17
LE0638,P081,L019,2026-01-12
LE0639,P119,L023,2025-10-24
LE0640,P121,L006,2026-03-17
LE0641,P025,L013,2025-09-15
LE0642,P143,L017,2026-08-22
LE0643,P012,L023,2025-09-15
LE0644,P013,L025,2025-10-12
LE0645,P087,L030,2026-04-25
LE0646,P061,L016,2025-09-29
LE0647,P137,L025,2025-09-28
LE0648,P056,L003,2026-08-09
LE0649,P141,L013,2025-10-02
LE0650,P040,L017,2026-03-04
LE0651,P149,L016,2026-07-22
LE0652,P045,L026,2026-01-17
LE0653,P131,L009,2026-05-04
LE0654,P085,L029,2026-06-24
LE0655,P080,L028,2026-01-07
LE0656,P014,L022,2026-07-03
LE0657,P025,L017,2026-03-16
LE0658,P036,L006,2026-02-18
LE0659,P123,L006,2025-11-25
LE0660,P001,L002,2026-02-01
LE0661,P046,L018,2026-01-01
LE0662,P055,L020,2026-02-18
LE0663,P076,L018,2025-12-09
LE0664,P033,L021,2026-08-20
LE0665,P059,L005,2026-03-10
LE0666,P040,L002,2026-03-12
LE0667,P065,L003,2026-04-30
LE0668,P072,L009,2025-09-03
LE0669,P125,L009,2026-06-17
LE0670,P055,L024,2026-05-03
LE0671,P034,L030,2025-12-23
LE0672,P135,L024,2026-07-04
LE0673,P029,L003,2026-08-30
LE0674,P108,L012,2026-02-15
LE0675,P148,L020,2026-08-23
LE0676,P051,L023,2026-03-04
LE0677,P003,L022,2026-06-05
LE0678,P033,L024,2026-02-23
LE0679,P004,L005,2026-09-02
LE0680,P010,L021,2025-10-04
LE0681,P054,L002,2025-09-16
LE0682,P071,L030,2026-03-01
LE0683,P039,L008,2025-10-04
LE0684,P034,L005,2026-06-16
LE0685,P113,L016,2025-09-03
LE0686,P092,L028,2026-02-15
LE0687,P033,L023,2026-08-27
LE0688,P027,L008,2026-07-22
LE0689,P096,L023,2026-08-18
LE0690,P050,L002,2026-02-01
LE0691,P034,L017,2026-07-10
LE0692,P024,L014,2026-02-09
LE0693,P086,L029,2025-11-13
LE0694,P013,L014,2026-02-22
LE0695,P065,L013,2025-09-14
LE0696,P051,L001,2026-07-27
LE0697,P015,L012,2025-09-11
LE0698,P060,L030,2025-12-22
LE0699,P113,L015,2026-05-18
LE0700,P118,L012,2025-11-13
LE0701,P102,L029,2026-02-16
LE0702,P150,L004,2025-12-12
LE0703,P138,L008,2025-11-09
LE0704,P034,L025,2025-10-30
LE0705,P019,L022,2025-11-28
LE0706,P006,L021,2025-09-10
LE0707,P042,L020,2026-08-02
LE0708,P023,L014,2026-02-14
LE0709,P019,L016,2025-12-20
LE0710,P077,L013,2025-10-04
LE0711,P011,L028,2026-01-14
LE0712,P041,L019,2026-01-10
LE0713,P136,L007,2026-08-19
LE0714,P031,L026,2025-09-07
LE0715,P008,L009,2026-08-19
LE0716,P064,L027,2026-07-01
LE0717,P139,L027,2025-12-18
LE0718,P071,L003,2025-10-12
LE0719,P100,L013,2026-01-26
LE0720,P042,L005,2026-08-03
LE0721,P146,L003,2025-10-29
LE0722,P052,L004,2025-10-13
LE0723,P108,L016,2025-09-16
LE0724,P004,L017,2026-01-26
LE0725,P015,L012,2025-09-18
LE0726,P104,L018,2026-01-25
LE0727,P095,L027,2025-10-19
LE0728,P107,L027,2026-01-11
LE0729,P101,L015,2026-04-12
LE0730,P011,L013,2026-03-05
LE0731,P060,L023,2026-04-27
LE0732,P101,L030,2026-07-05
LE0733,P040,L003,2025-11-05
LE0734,P147,L017,2026-01-17
LE0735,P101,L012,2025-12-10
LE0736,P093,L002,2025-12-12
LE0737,P078,L019,2026-01-07
LE0738,P074,L025,2026-08-03
LE0739,P066,L010,2026-03-18
LE0740,P010,L015,2026-08-28
LE0741,P111,L013,2026-03-04
LE0742,P051,L022,2026-06-22
LE0743,P079,L020,2025-12-18
LE0744,P049,L023,2025-12-30
LE0745,P058,L019,2026-04-09
LE0746,P107,L012,2026-02-09
LE0747,P003,L010,2025-09-22
LE0748,P097,L006,2025-12-25
LE0749,P117,L007,2026-04-28
LE0750,P034,L028,2025-11-03
LE0751,P044,L013,2026-01-21
LE0752,P035,L014,2026-08-27
LE0753,P031,L003,2026-03-03
LE0754,P076,L005,2026-07-11
LE0755,P066,L007,2025-10-02
LE0756,P106,L022,2025-12-23
LE0757,P036,L030,2026-01-03
LE0758,P088,L021,2026-04-22
LE0759,P143,L023,2026-08-06
LE0760,P083,L009,2026-09-03
LE0761,P039,L004,2025-09-12
LE0762,P132,L028,2025-12-05
LE0763,P132,L021,2026-02-07
LE0764,P011,L018,2025-12-05
LE0765,P127,L020,2026-03-20
LE0766,P026,L024,2026-06-03
LE0767,P105,L005,2026-03-09
LE0768,P062,L024,2026-03-14
LE0769,P080,L030,2026-06-03
LE0770,P022,L022,2025-12-04
LE0771,P147,L022,2025-10-30
LE0772,P098,L009,2025-09-16
LE0773,P057,L007,2026-08-25
LE0774,P144,L011,2025-09-26
LE0775,P062,L029,2026-08-13
LE0776,P035,L024,2025-11-27
LE0777,P073,L015,2026-01-02
LE0778,P048,L029,2026-01-25
LE0779,P094,L022,2026-04-02
LE0780,P015,L012,2025-12-17
LE0781,P137,L008,2026-05-23
LE0782,P058,L008,2026-06-25
LE0783,P067,L007,2025-11-26
LE0784,P009,L026,2025-09-29
LE0785,P062,L003,2025-11-04
LE0786,P021,L023,2026-04-20
LE0787,P094,L028,2026-03-04
LE0788,P136,L016,2025-10-31
LE0789,P104,L001,2026-06-23
LE0790,P096,L024,2026-08-12
LE0791,P069,L012,2025-09-04
LE0792,P120,L025,2026-03-29
LE0793,P100,L030,2026-06-13
LE0794,P145,L022,2026-01-30
LE0795,P069,L016,2025-09-14
LE0796,P085,L026,2026-01-21
LE0797,P117,L013,2026-03-25
LE0798,P069,L024,2026-04-04
LE0799,P086,L007,2026-07-17
LE0800,P093,L008,2026-07-23
LE0801,P112,L012,2026-02-08
LE0802,P145,L016,2026-02-10
LE0803,P070,L013,2025-11-22
LE0804,P099,L030,2026-02-28
LE0805,P129,L013,2026-06-23
LE0806,P017,L014,2026-07-16
LE0807,P054,L029,2026-01-21
LE0808,P072,L005,2025-12-08
LE0809,P021,L006,2025-10-29
LE0810,P088,L010,2025-10-08
LE0811,P095,L001,2025-10-18
LE0812,P138,L023,2025-11-18
LE0813,P003,L019,2026-08-22
LE0814,P086,L030,2025-12-04
LE0815,P079,L017,2025-09-09
LE0816,P023,L027,2026-06-04
LE0817,P088,L006,2026-07-30
LE0818,P103,L020,2026-02-10
LE0819,P037,L011,2026-04-28
LE0820,P096,L019,2025-11-11
LE0821,P098,L013,2026-03-12
LE0822,P078,L028,2026-06-20
LE0823,P115,L006,2026-07-16
LE0824,P029,L028,2026-08-19
LE0825,P062,L001,2026-03-11
LE0826,P117,L028,2026-02-05
LE0827,P071,L005,2025-11-28
LE0828,P062,L012,2026-04-16
LE0829,P031,L009,2026-08-07
LE0830,P047,L013,2026-03-27
LE0831,P032,L030,2026-07-07
LE0832,P074,L002,2026-07-01
LE0833,P068,L021,2025-09-07
LE0834,P140,L019,2026-07-19
LE0835,P051,L008,2026-02-09
LE0836,P041,L014,2026-05-05
LE0837,P030,L010,2026-04-01
LE0838,P082,L029,2026-07-25
LE0839,P080,L007,2026-02-09
LE0840,P015,L015,2025-10-08
LE0841,P146,L014,2026-04-20
LE0842,P057,L022,2025-11-20
LE0843,P118,L008,2025-11-28
LE0844,P027,L030,2025-10-28
LE0845,P005,L001,2025-09-13
LE0846,P137,L021,2026-06-20
LE0847,P032,L016,2026-01-03
LE0848,P136,L027,2026-02-25
LE0849,P092,L030,2026-06-25
LE0850,P043,L005,2025-10-20
LE0851,P031,L003,2026-01-04
LE0852,P095,L024,2025-10-12
LE0853,P141,L015,2026-07-19
LE0854,P024,L030,2026-08-09
LE0855,P143,L009,2026-02-19
LE0856,P082,L006,2025-10-14
LE0857,P054,L012,2026-01-25
LE0858,P072,L024,2025-11-29
LE0859,P046,L014,2026-05-06
LE0860,P130,L026,2026-02-01
LE0861,P118,L009,2026-05-18
LE0862,P069,L028,2026-08-28
LE0863,P128,L002,2026-02-27
LE0864,P029,L016,2025-09-14
LE0865,P050,L021,2026-03-01
LE0866,P042,L028,2025-10-09
LE0867,P007,L023,2026-08-18
LE0868,P136,L014,2026-04-04
LE0869,P088,L029,2025-09-08
LE0870,P038,L008,2025-10-14
LE0871,P114,L015,2026-05-29
LE0872,P116,L005,2026-04-18
LE0873,P148,L014,2026-06-24
LE0874,P103,L022,2025-09-13
LE0875,P083,L014,2025-09-28
LE0876,P049,L007,2026-06-28
LE0877,P120,L001,2026-03-01
LE0878,P029,L009,2026-08-22
LE0879,P016,L021,2026-07-21
LE0880,P012,L030,2026-03-10
LE0881,P092,L027,2025-10-16
LE0882,P040,L027,2026-02-03
LE0883,P113,L030,2025-11-27
LE0884,P138,L003,2025-10-03
LE0885,P007,L030,2025-12-11
LE0886,P095,L011,2026-03-11
LE0887,P133,L022,2026-04-24
LE0888,P012,L002,2026-01-24
LE0889,P007,L030,2025-10-09
LE0890,P039,L016,2025-11-04
LE0891,P046,L024,2026-01-06
LE0892,P033,L003,2026-03-05
LE0893,P080,L006,2026-03-24
LE0894,P082,L015,2026-03-16
LE0895,P050,L004,2026-04-25
LE0896,P109,L001,2026-05-29
LE0897,P078,L008,2025-11-11
LE0898,P147,L023,2026-01-07
LE0899,P032,L025,2026-09-03
LE0900,P056,L025,2026-01-15
LE0901,P102,L017,2026-05-19
LE0902,P023,L016,2025-09-03
LE0903,P043,L030,2026-08-17
LE0904,P009,L007,2025-09-19
LE0905,P032,L007,2025-12-10
LE0906,P097,L020,2026-08-04
LE0907,P089,L012,2026-03-06
LE0908,P040,L017,2026-06-21
LE0909,P101,L006,2026-06-17
LE0910,P007,L020,2026-02-21
LE0911,P048,L019,2025-12-29
LE0912,P125,L026,2026-01-18
LE0913,P064,L012,2025-10-06
LE0914,P033,L024,2025-11-25
LE0915,P096,L020,2026-06-16
LE0916,P091,L027,2025-11-26
LE0917,P055,L030,2026-05-14
LE0918,P061,L005,2025-11-07
LE0919,P044,L005,2026-04-01
LE0920,P114,L008,2026-03-08
LE0921,P049,L029,2026-08-31
LE0922,P134,L020,2026-05-26
LE0923,P045,L001,2025-11-15
LE0924,P074,L012,2026-05-06
LE0925,P122,L023,2025-10-27
LE0926,P057,L026,2025-12-22
LE0927,P091,L008,2025-09-11
LE0928,P034,L008,2026-08-02
LE0929,P109,L014,2026-04-29
LE0930,P023,L017,2026-01-27
LE0931,P090,L002,2026-04-09
LE0932,P121,L013,2025-12-17
LE0933,P024,L030,2026-02-14
LE0934,P013,L018,2026-03-16
LE0935,P118,L002,2026-05-19
LE0936,P131,L006,2025-10-16
LE0937,P100,L020,2026-06-27
LE0938,P128,L026,2026-07-02
LE0939,P031,L025,2025-12-21
LE0940,P130,L026,2026-04-17
LE0941,P041,L027,2026-02-08
LE0942,P052,L013,2025-10-17
LE0943,P010,L004,2026-07-15
LE0944,P004,L016,2025-09-16
LE0945,P032,L005,2026-08-22
LE0946,P102,L004,2025-10-04
LE0947,P091,L021,2025-11-23
LE0948,P142,L008,2026-05-05
LE0949,P143,L022,2026-08-19
LE0950,P144,L021,2026-04-05
LE0951,P047,L023,2026-06-03
LE0952,P023,L028,2026-05-19
LE0953,P127,L022,2025-11-10
LE0954,P112,L030,2025-12-18
LE0955,P068,L018,2025-09-10
LE0956,P067,L025,2026-02-12
LE0957,P104,L016,2025-12-24
LE0958,P052,L011,2025-12-18
LE0959,P114,L025,2026-01-21
LE0960,P068,L005,2025-09-26
LE0961,P038,L007,2026-01-18
LE0962,P056,L023,2026-08-20
LE0963,P040,L005,2026-06-17
LE0964,P042,L030,2026-06-08
LE0965,P131,L001,2025-11-10
LE0966,P028,L025,2026-07-13
LE0967,P075,L009,2026-08-10
LE0968,P040,L012,2026-08-12
LE0969,P144,L022,2026-05-13
LE0970,P145,L005,2026-01-05
LE0971,P048,L006,2026-07-07
LE0972,P091,L013,2026-06-11
LE0973,P015,L013,2026-03-23
LE0974,P047,L027,2026-07-16
LE0975,P087,L007,2026-03-02
LE0976,P096,L021,2026-07-01
LE0977,P013,L029,2026-04-05
LE0978,P100,L008,2026-08-12
LE0979,P123,L028,2026-04-13
LE0980,P063,L003,2026-07-06
LE0981,P030,L018,2026-07-21
LE0982,P015,L009,2026-03-11
LE0983,P102,L022,2026-02-07
LE0984,P126,L009,2026-08-10
LE0985,P027,L027,2026-07-15
LE0986,P061,L001,2026-06-20
LE0987,P125,L022,2025-12-06
LE0988,P081,L008,2026-01-17
LE0989,P144,L010,2025-09-14
LE0990,P032,L021,2026-08-26
LE0991,P144,L011,2025-11-05
LE0992,P039,L001,2026-04-03
LE0993,P019,L008,2026-07-29
LE0994,P099,L006,2025-12-22
LE0995,P103,L022,2025-10-26
LE0996,P015,L017,2025-09-29
LE0997,P074,L022,2026-01-15
LE0998,P103,L008,2026-01-04
LE0999,P147,L027,2025-10-31
LE1000,P122,L022,2026-07-03
LE1001,P094,L013,2026-07-27
LE1002,P017,L011,2025-12-16
LE1003,P071,L026,2026-07-06
LE1004,P122,L002,2025-12-05
LE1005,P093,L011,2026-04-09
LE1006,P065,L019,2025-11-10
LE1007,P019,L026,2026-04-26
LE1008,P045,L030,2026-01-10
LE1009,P018,L012,2026-02-26
LE1010,P023,L014,2026-01-14
LE1011,P069,L003,2026-02-19
LE1012,P020,L019,2025-10-28
LE1013,P088,L011,2025-10-11
LE1014,P110,L009,2026-04-11
LE1015,P005,L019,2025-12-02
LE1016,P024,L019,2025-10-07
LE1017,P097,L019,2025-12-30
LE1018,P055,L019,2025-11-07
LE1019,P083,L015,2026-01-18
LE1020,P141,L016,2025-09-29
LE1021,P092,L026,2026-04-11
LE1022,P048,L002,2026-06-07
LE1023,P123,L026,2026-07-20
LE1024,P001,L026,2025-11-29
LE1025,P036,L001,2025-12-14
LE1026,P065,L006,2026-01-16
LE1027,P112,L006,2025-12-04
LE1028,P004,L003,2026-03-12
LE1029,P128,L004,2025-09-26
LE1030,P035,L024,2026-06-02
LE1031,P023,L005,2026-01-30
LE1032,P079,L003,2026-03-04
LE1033,P052,L019,2026-01-29
LE1034,P063,L025,2026-02-19
LE1035,P111,L029,2026-03-15
LE1036,P104,L015,2025-12-08
LE1037,P137,L019,2026-01-29
LE1038,P117,L013,2025-12-07
LE1039,P010,L019,2026-08-16
LE1040,P134,L016,2026-03-22
LE1041,P056,L003,2026-01-06
LE1042,P043,L014,2026-08-10
LE1043,P126,L029,2026-01-05
LE1044,P124,L008,2025-09-22
LE1045,P021,L026,2025-09-21
LE1046,P048,L005,2025-09-23
LE1047,P113,L021,2026-06-14
LE1048,P100,L022,2025-10-03
LE1049,P008,L015,2026-02-11
LE1050,P087,L023,2026-04-07
LE1051,P148,L017,2026-06-30
LE1052,P137,L020,2026-02-04
LE1053,P122,L021,2026-03-03
LE1054,P140,L014,2025-09-29
LE1055,P091,L008,2025-12-25
LE1056,P054,L021,2026-02-14
LE1057,P147,L029,2026-05-05
LE1058,P080,L007,2026-04-13
LE1059,P030,L020,2025-10-03
LE1060,P024,L021,2025-10-19
LE1061,P098,L011,2025-09-27
LE1062,P080,L007,2025-10-01
LE1063,P008,L017,2026-02-17
LE1064,P149,L021,2025-12-02
LE1065,P086,L006,2026-03-26
LE1066,P060,L004,2026-06-16
LE1067,P038,L002,2026-03-20
LE1068,P041,L004,2026-07-06
LE1069,P018,L012,2026-09-01
LE1070,P007,L025,2026-05-13
LE1071,P090,L016,2025-10-27
LE1072,P097,L009,2026-07-01
LE1073,P073,L019,2026-07-26
LE1074,P117,L026,2026-07-09
LE1075,P073,L016,2026-06-28
LE1076,P002,L023,2026-01-19
LE1077,P013,L001,2025-09-24
LE1078,P036,L014,2025-12-08
LE1079,P144,L015,2025-10-24
LE1080,P102,L010,2025-10-06
LE1081,P080,L018,2026-03-09
LE1082,P112,L016,2026-07-25
LE1083,P103,L010,2026-04-17
LE1084,P147,L015,2026-06-11
LE1085,P116,L030,2026-03-26
LE1086,P080,L029,2026-01-28
LE1087,P023,L014,2026-05-09
LE1088,P052,L013,2026-03-19
LE1089,P089,L014,2026-01-13
LE1090,P009,L009,2025-11-29
LE1091,P085,L002,2025-10-25
LE1092,P006,L014,2026-06-10
LE1093,P063,L012,2026-05-28
LE1094,P081,L023,2026-04-17
LE1095,P057,L016,2025-11-15
LE1096,P051,L002,2026-01-31
LE1097,P099,L009,2026-04-15
LE1098,P145,L014,2025-10-20
LE1099,P048,L015,2026-08-31
LE1100,P113,L003,2026-03-17
LE1101,P029,L029,2026-02-12
LE1102,P145,L021,2025-12-29
LE1103,P092,L005,2026-08-13
LE1104,P146,L023,2026-08-14
LE1105,P098,L008,2026-04-23
LE1106,P083,L007,2026-07-13
LE1107,P013,L023,2026-06-11
LE1108,P095,L019,2026-03-06
LE1109,P120,L024,2025-10-27
LE1110,P003,L006,2025-12-16
LE1111,P095,L012,2026-05-25
LE1112,P029,L006,2026-07-01
LE1113,P136,L006,2026-05-31
LE1114,P119,L014,2025-09-18
LE1115,P053,L014,2025-09-22
LE1116,P077,L008,2025-12-03
LE1117,P021,L028,2026-05-12
LE1118,P081,L020,2025-12-08
LE1119,P075,L030,2026-08-06
LE1120,P135,L020,2026-01-16
LE1121,P144,L027,2026-06-01
LE1122,P146,L025,2025-12-31
LE1123,P086,L020,2025-09-05
LE1124,P101,L012,2026-03-01
LE1125,P073,L014,2025-12-29
LE1126,P112,L008,2026-01-19
LE1127,P077,L011,2025-09-09
LE1128,P068,L028,2026-07-15
LE1129,P075,L024,2026-07-08
LE1130,P057,L010,2025-12-10
LE1131,P066,L026,2025-12-03
LE1132,P019,L026,2026-08-30
LE1133,P079,L020,2026-04-22
LE1134,P032,L013,2026-07-19
LE1135,P146,L030,2025-11-15
LE1136,P063,L025,2025-10-16
LE1137,P063,L027,2025-10-28
LE1138,P067,L009,2026-05-04
LE1139,P149,L015,2026-05-06
LE1140,P073,L008,2026-03-26
LE1141,P148,L029,2026-08-22
LE1142,P070,L029,2026-08-11
LE1143,P105,L009,2025-11-09
LE1144,P005,L017,2025-09-03
LE1145,P144,L006,2025-12-19
LE1146,P038,L008,2025-11-09
LE1147,P013,L019,2026-04-21
LE1148,P085,L017,2026-05-02
LE1149,P108,L005,2026-04-01
LE1150,P123,L024,2025-10-13
LE1151,P056,L019,2026-01-11
LE1152,P137,L021,2026-08-13
LE1153,P134,L019,2026-08-05
LE1154,P070,L004,2026-07-05
LE1155,P064,L006,2025-09-21
LE1156,P027,L001,2026-02-06
LE1157,P147,L015,2025-10-08
LE1158,P034,L002,2025-09-09
LE1159,P045,L004,2026-02-17
LE1160,P123,L025,2026-04-02
LE1161,P012,L016,2025-10-13
LE1162,P084,L010,2026-04-13
LE1163,P133,L012,2025-11-23
LE1164,P050,L010,2026-04-04
LE1165,P106,L012,2026-04-06
LE1166,P087,L016,2025-11-07
LE1167,P150,L005,2026-04-29
LE1168,P033,L002,2025-11-29
LE1169,P063,L001,2025-11-20
LE1170,P011,L010,2026-06-22
LE1171,P072,L019,2025-12-22
LE1172,P111,L028,2025-11-07
LE1173,P078,L013,2025-09-21
LE1174,P017,L005,2026-05-29
LE1175,P058,L019,2026-09-02
LE1176,P014,L027,2025-09-04
LE1177,P008,L005,2026-03-27
LE1178,P092,L004,2025-10-28
LE1179,P035,L025,2026-03-28
LE1180,P030,L007,2026-02-13
LE1181,P119,L011,2025-12-28
LE1182,P101,L028,2026-08-12
LE1183,P092,L017,2026-02-16
LE1184,P101,L007,2026-07-24
LE1185,P085,L019,2025-09-24
LE1186,P087,L021,2026-06-26
LE1187,P121,L001,2026-08-18
LE1188,P143,L014,2025-10-28
LE1189,P021,L030,2026-07-21
LE1190,P147,L020,2026-08-09
LE1191,P056,L003,2025-10-27
LE1192,P067,L023,2026-04-10
LE1193,P093,L018,2026-02-23
LE1194,P077,L007,2025-10-28
LE1195,P067,L023,2026-02-05
LE1196,P084,L013,2026-02-08
LE1197,P100,L008,2026-08-26
LE1198,P022,L003,2026-01-01
LE1199,P058,L030,2026-01-22
LE1200,P139,L018,2026-01-23
LE1201,P095,L002,2026-08-06
LE1202,P053,L010,2026-09-01
LE1203,P047,L007,2026-05-31
LE1204,P105,L006,2025-11-21
LE1205,P035,L002,2026-07-06
LE1206,P064,L007,2026-05-08
LE1207,P080,L015,2026-03-06
LE1208,P075,L006,2026-07-21
LE1209,P068,L014,2025-12-02
LE1210,P054,L021,2026-04-19
LE1211,P028,L001,2026-02-22
LE1212,P078,L008,2025-12-13
LE1213,P116,L023,2026-05-27
LE1214,P149,L014,2025-10-13
LE1215,P130,L024,2025-09-29
LE1216,P102,L026,2026-08-05
LE1217,P139,L027,2026-02-11
LE1218,P008,L002,2026-06-11
LE1219,P142,L026,2025-11-11
LE1220,P081,L023,2025-10-22
LE1221,P037,L019,2026-05-08
LE1222,P072,L013,2025-10-20
LE1223,P150,L002,2025-09-21
LE1224,P040,L029,2026-03-08
LE1225,P023,L021,2025-11-28
LE1226,P125,L015,2025-12-21
LE1227,P074,L003,2026-02-26
LE1228,P120,L009,2026-07-07
LE1229,P049,L002,2025-11-30
LE1230,P078,L007,2025-12-10
LE1231,P082,L002,2026-02-08
LE1232,P040,L008,2026-06-18
LE1233,P138,L026,2026-02-13
LE1234,P094,L002,2026-06-11
LE1235,P042,L006,2026-01-19
LE1236,P144,L020,2026-05-27
LE1237,P072,L014,2025-10-10
LE1238,P101,L011,2025-12-05
LE1239,P047,L015,2026-02-24
LE1240,P087,L024,2026-05-26
LE1241,P041,L007,2025-09-27
LE1242,P052,L005,2026-02-22
LE1243,P134,L005,2026-06-22
LE1244,P060,L001,2025-10-08
LE1245,P035,L001,2025-12-27
LE1246,P035,L011,2026-07-19
LE1247,P103,L019,2026-05-12
LE1248,P028,L007,2026-02-06
LE1249,P053,L029,2026-09-01
LE1250,P003,L008,2026-01-30
LE1251,P006,L008,2026-01-25
LE1252,P051,L009,2026-08-05
LE1253,P105,L015,2026-03-20
LE1254,P113,L003,2026-04-23
LE1255,P032,L022,2026-01-23
LE1256,P110,L026,2026-06-20
LE1257,P117,L012,2025-09-20
LE1258,P003,L015,2025-10-06
LE1259,P110,L005,2025-12-01
LE1260,P123,L020,2025-10-17
LE1261,P089,L025,2025-12-16
LE1262,P081,L008,2026-03-20
LE1263,P015,L006,2026-03-23
LE1264,P072,L021,2025-10-07
LE1265,P095,L007,2026-04-26
LE1266,P015,L003,2026-03-19
LE1267,P045,L030,2025-10-03
LE1268,P060,L024,2026-07-01
LE1269,P149,L018,2026-03-13
LE1270,P067,L027,2026-02-11
LE1271,P125,L006,2026-01-19
LE1272,P061,L001,2026-01-21
LE1273,P056,L009,2026-01-24
LE1274,P034,L002,2026-05-07
LE1275,P033,L018,2026-02-03
LE1276,P076,L015,2026-07-14
LE1277,P018,L026,2026-07-24
LE1278,P149,L026,2026-03-01
LE1279,P005,L003,2026-03-20
LE1280,P117,L023,2025-10-09
LE1281,P042,L006,2026-06-26
LE1282,P034,L010,2026-08-06
LE1283,P014,L029,2026-07-28
LE1284,P096,L002,2026-07-05
LE1285,P113,L027,2026-04-23
LE1286,P106,L030,2026-06-02
LE1287,P067,L022,2026-06-15
LE1288,P140,L015,2025-10-17
LE1289,P027,L027,2025-09-04
LE1290,P122,L021,2026-02-22
LE1291,P127,L011,2025-09-06
LE1292,P067,L014,2026-03-16
LE1293,P028,L020,2026-04-25
LE1294,P047,L030,2025-10-23
LE1295,P068,L002,2026-05-25
LE1296,P099,L012,2026-05-11
LE1297,P139,L008,2026-04-13
LE1298,P138,L028,2025-10-28
LE1299,P113,L005,2025-10-15
LE1300,P121,L021,2025-11-25
LE1301,P038,L011,2026-05-16
LE1302,P130,L028,2026-01-30
LE1303,P017,L006,2026-06-21
LE1304,P040,L011,2026-07-16
LE1305,P011,L026,2026-05-11
LE1306,P150,L026,2026-06-25
LE1307,P088,L013,2026-01-15
LE1308,P101,L025,2025-09-19
LE1309,P137,L010,2026-05-17
LE1310,P066,L030,2026-08-15
LE1311,P130,L024,2026-02-01
LE1312,P038,L008,2026-07-02
LE1313,P125,L008,2026-01-04
LE1314,P049,L015,2026-07-25
LE1315,P147,L025,2026-07-05
LE1316,P020,L026,2026-03-03
LE1317,P048,L004,2025-12-20
LE1318,P034,L003,2026-07-30
LE1319,P023,L002,2026-06-03
LE1320,P031,L017,2025-10-26
LE1321,P118,L017,2026-07-02
LE1322,P011,L008,2026-08-11
LE1323,P089,L023,2026-06-23
LE1324,P142,L014,2025-09-12
LE1325,P013,L022,2025-10-05
LE1326,P019,L015,2025-11-03
LE1327,P013,L028,2026-02-09
LE1328,P125,L010,2025-11-04
LE1329,P010,L026,2025-11-26
LE1330,P058,L020,2026-08-26
LE1331,P039,L012,2026-05-31
LE1332,P027,L019,2025-10-05
LE1333,P065,L023,2026-08-03
LE1334,P091,L006,2026-03-30
LE1335,P082,L024,2026-06-03
LE1336,P029,L016,2026-04-06
LE1337,P027,L006,2026-09-02
LE1338,P045,L005,2026-06-24
LE1339,P127,L013,2026-06-23
LE1340,P066,L008,2025-11-18
LE1341,P057,L018,2026-07-11
LE1342,P117,L006,2025-12-23
LE1343,P042,L001,2025-09-27
LE1344,P093,L028,2026-05-24
LE1345,P075,L005,2026-03-04
LE1346,P037,L004,2025-11-15
LE1347,P097,L006,2025-12-25
LE1348,P097,L022,2026-06-20
LE1349,P083,L022,2026-02-13
LE1350,P067,L019,2026-01-17
LE1351,P098,L028,2026-05-15
LE1352,P050,L030,2026-05-06
LE1353,P050,L024,2026-08-08
LE1354,P001,L023,2025-12-13
LE1355,P139,L027,2026-03-14
LE1356,P051,L007,2026-07-27
LE1357,P075,L010,2025-09-23
LE1358,P078,L015,2026-06-17
LE1359,P005,L010,2026-03-25
LE1360,P129,L027,2025-09-25
LE1361,P133,L016,2026-06-23
LE1362,P131,L020,2026-07-13
LE1363,P149,L030,2025-12-18
LE1364,P085,L001,2025-12-30
LE1365,P070,L015,2026-08-12
LE1366,P006,L026,2025-11-25
LE1367,P043,L001,2026-07-16
LE1368,P096,L020,2026-06-19
LE1369,P097,L025,2026-07-22
LE1370,P130,L022,2025-11-08
LE1371,P090,L003,2026-08-21
LE1372,P081,L007,2026-03-15
LE1373,P115,L016,2025-12-01
LE1374,P066,L020,2025-10-16
LE1375,P047,L013,2026-01-18
LE1376,P110,L021,2026-05-04
LE1377,P054,L006,2026-06-07
LE1378,P082,L014,2026-07-21
LE1379,P060,L009,2025-11-10
LE1380,P048,L015,2026-07-22
LE1381,P128,L016,2026-03-06
LE1382,P082,L026,2026-08-06
LE1383,P044,L006,2026-01-13
LE1384,P092,L019,2026-07-01
LE1385,P040,L001,2026-04-23
LE1386,P108,L003,2026-02-11
LE1387,P103,L012,2025-10-21
LE1388,P139,L003,2026-07-12
LE1389,P037,L026,2026-08-16
LE1390,P035,L001,2025-11-27
LE1391,P095,L019,2025-11-09
LE1392,P041,L005,2026-06-26
LE1393,P074,L004,2025-09-17
LE1394,P019,L011,2026-07-21
LE1395,P106,L007,2025-10-15
LE1396,P011,L005,2026-02-09
LE1397,P082,L011,2026-02-09
LE1398,P149,L013,2025-12-12
LE1399,P060,L014,2026-03-12
LE1400,P063,L015,2026-01-19
LE1401,P040,L021,2025-10-15
LE1402,P105,L006,2025-11-01
LE1403,P076,L022,2026-07-18
LE1404,P047,L002,2025-12-01
LE1405,P111,L013,2026-02-27
LE1406,P020,L011,2026-02-19
LE1407,P067,L020,2026-03-22
LE1408,P132,L001,2026-08-16
LE1409,P142,L011,2026-03-11
LE1410,P025,L007,2026-06-10
LE1411,P053,L024,2026-05-06
LE1412,P028,L008,2026-01-14
LE1413,P138,L025,2026-04-02
LE1414,P011,L002,2026-02-22
LE1415,P070,L019,2026-07-15
LE1416,P137,L028,2026-05-13
LE1417,P058,L023,2025-10-11
LE1418,P041,L003,2026-08-06
LE1419,P022,L006,2025-11-12
LE1420,P039,L004,2026-04-19
LE1421,P045,L026,2025-11-05
LE1422,P020,L012,2025-12-24
LE1423,P076,L017,2025-10-08
LE1424,P029,L023,2025-10-12
LE1425,P096,L018,2025-09-21
LE1426,P040,L028,2026-01-04
LE1427,P112,L018,2026-08-03
LE1428,P107,L018,2025-09-21
LE1429,P128,L013,2026-04-11
LE1430,P077,L029,2026-03-04
LE1431,P003,L004,2026-08-19
LE1432,P150,L004,2026-08-24
LE1433,P136,L011,2026-06-24
LE1434,P068,L018,2025-12-14
LE1435,P138,L002,2026-07-26
LE1436,P100,L010,2025-10-26
LE1437,P079,L025,2026-05-27
LE1438,P035,L027,2026-02-08
LE1439,P001,L002,2026-08-27
LE1440,P100,L006,2026-04-01
LE1441,P146,L030,2025-12-19
LE1442,P129,L030,2025-11-22
LE1443,P128,L015,2026-07-26
LE1444,P135,L016,2026-07-30
LE1445,P063,L027,2026-08-25
LE1446,P081,L017,2026-05-25
LE1447,P084,L025,2026-07-27
LE1448,P100,L021,2026-07-14
LE1449,P103,L010,2026-05-22
LE1450,P103,L024,2025-11-14
LE1451,P080,L025,2025-09-24
LE1452,P031,L020,2025-11-05
LE1453,P112,L024,2025-09-20
LE1454,P034,L007,2025-09-13
LE1455,P076,L022,2025-10-05
LE1456,P047,L004,2026-07-27
LE1457,P037,L023,2025-12-01
LE1458,P112,L026,2025-12-29
LE1459,P038,L006,2026-08-24
LE1460,P020,L007,2026-06-01
LE1461,P047,L001,2026-04-29
LE1462,P079,L023,2026-06-16
LE1463,P017,L002,2026-07-21
LE1464,P073,L006,2025-09-05
LE1465,P065,L018,2026-06-14
LE1466,P056,L026,2026-07-22
LE1467,P029,L010,2025-10-30
LE1468,P125,L017,2025-12-02
LE1469,P146,L025,2026-07-08
LE1470,P029,L003,2026-06-09
LE1471,P121,L028,2025-10-19
LE1472,P115,L005,2026-05-23
LE1473,P105,L019,2026-08-10
LE1474,P072,L019,2026-07-27
LE1475,P135,L004,2025-09-21
LE1476,P042,L017,2026-03-21
LE1477,P051,L004,2026-08-08
LE1478,P141,L001,2026-08-28
LE1479,P015,L008,2026-02-07
LE1480,P111,L014,2026-02-12
LE1481,P105,L001,2025-11-18
LE1482,P044,L023,2026-07-14
LE1483,P001,L002,2025-10-23
LE1484,P002,L012,2025-09-04
LE1485,P051,L024,2026-06-26
LE1486,P042,L018,2026-01-02
LE1487,P087,L007,2026-07-15
LE1488,P140,L013,2026-03-26
LE1489,P049,L028,2025-11-23
LE1490,P025,L001,2026-05-03
LE1491,P083,L021,2026-02-10
LE1492,P012,L011,2025-09-21
LE1493,P046,L009,2026-05-26
LE1494,P063,L029,2026-03-25
LE1495,P136,L029,2026-04-08
LE1496,P061,L018,2026-06-22
LE1497,P001,L030,2026-08-31
LE1498,P091,L018,2026-07-23
LE1499,P042,L030,2026-06-23
LE1500,P107,L027,2025-11-19
