person_id,name,age,gender,occupation,city
P001,Charita Kurian,58,Male,Business,Rajahmundry
P002,Naveen Mital,35,Male,Driver,Guntur
P003,Yash Patla,24,Male,Trader,Visakhapatnam
P004,Mahika Dey,20,Male,Business,Guntur
P005,Balhaar Mannan,32,Male,Trader,Guntur
P006,Ridhi Rao,59,Female,Driver,Visakhapatnam
P007,Anjali Mittal,55,Female,Unknown,Vijayawada
P008,Mohammed Dhar,28,Female,Employee,Hyderabad
P009,Veda Hari,27,Male,Unknown,Hyderabad
P010,Jagat Sood,24,Male,Student,Vijayawada
P011,Bhavna Singhal,40,Female,Trader,Hyderabad
P012,Yashoda Mahajan,20,Female,Trader,Vijayawada
P013,Simon Bhatt,42,Male,Trader,Hyderabad
P014,Mugdha Deep,58,Female,Trader,Guntur
P015,Timothy Dhar,22,Male,Mechanic,Guntur
P016,Chandran Deshpande,36,Male,Unknown,Guntur
P017,Kamya Sarkar,24,Female,Employee,Visakhapatnam
P018,Fariq Bhagat,58,Female,Driver,Hyderabad
P019,Gautam Srinivasan,40,Male,Mechanic,Hyderabad
P020,Keya Sani,59,Male,Trader,Rajahmundry
P021,Rachit Chana,28,Male,Driver,Visakhapatnam
P022,Rajata Reddy,42,Female,Mechanic,Rajahmundry
P023,Bhavini Ghosh,53,Male,Mechanic,Hyderabad
P024,Vedhika Mane,21,Male,Unknown,Vijayawada
P025,Sai Solanki,38,Female,Employee,Vijayawada
P026,Faqid Tailor,31,Female,Driver,Rajahmundry
P027,Ekiya Sandhu,49,Female,Mechanic,Visakhapatnam
P028,Urmi Sachdeva,27,Female,Driver,Guntur
P029,Tanmayi Mandal,53,Female,Mechanic,Bhimavaram
P030,Mitali Deo,45,Female,Employee,Guntur
P031,Darpan Sethi,26,Female,Business,Vijayawada
P032,Simon Wadhwa,25,Male,Mechanic,Guntur
P033,Manan Saha,45,Male,Student,Visakhapatnam
P034,Sanaya Prakash,56,Female,Trader,Hyderabad
P035,Qarin Prabhakar,53,Male,Mechanic,Rajahmundry
P036,Yuvraj Bhalla,25,Female,Unknown,Rajahmundry
P037,Lakshit Dass,39,Male,Employee,Visakhapatnam
P038,Devika Anand,28,Female,Business,Rajahmundry
P039,Parth Kapadia,34,Male,Trader,Vijayawada
P040,Prisha Bora,58,Female,Unknown,Rajahmundry
P041,Madhav Kalita,50,Male,Driver,Hyderabad
P042,Nirja Madan,28,Male,Trader,Hyderabad
P043,Tripti Trivedi,49,Male,Business,Hyderabad
P044,Alka Singhal,37,Male,Business,Guntur
P045,Qarin Rau,54,Male,Business,Rajahmundry
P046,Adya Lala,49,Male,Unknown,Bhimavaram
P047,Kritika Mittal,26,Male,Mechanic,Visakhapatnam
P048,Oeshi Bath,53,Male,Employee,Bhimavaram
P049,Ansh D’Alia,56,Female,Driver,Bhimavaram
P050,Nidra Goyal,30,Female,Student,Rajahmundry
P051,Ryan Thakur,59,Female,Student,Bhimavaram
P052,Mason Goel,46,Male,Driver,Guntur
P053,Anjali Brahmbhatt,22,Female,Business,Bhimavaram
P054,Nimrat Rout,53,Male,Trader,Guntur
P055,Kai Khatri,18,Male,Mechanic,Rajahmundry
P056,Yasti Mandal,21,Male,Business,Vijayawada
P057,Anjali Merchant,39,Male,Trader,Guntur
P058,Manthan Sahni,35,Female,Driver,Bhimavaram
P059,Dev Pandya,26,Female,Driver,Visakhapatnam
P060,Frederick Walla,44,Male,Business,Vijayawada
P061,Yashoda Aurora,60,Female,Employee,Visakhapatnam
P062,Ekansh Merchant,44,Female,Unknown,Rajahmundry
P063,Mason Sekhon,21,Male,Business,Visakhapatnam
P064,Maya Seshadri,39,Male,Driver,Guntur
P065,Yashoda Mane,30,Female,Driver,Visakhapatnam
P066,Gaurang Pillai,29,Female,Student,Guntur
P067,Sachi Bhargava,22,Female,Unknown,Bhimavaram
P068,Indira Som,24,Male,Mechanic,Bhimavaram
P069,Hardik Nagarajan,18,Male,Unknown,Guntur
P070,Ubika Bhasin,28,Female,Student,Visakhapatnam
P071,Girik Kar,31,Female,Business,Guntur
P072,Bachittar Saran,42,Male,Student,Hyderabad
P073,Michael Vasa,47,Female,Student,Rajahmundry
P074,Yachana Kalla,53,Female,Driver,Guntur
P075,Ekta Sandal,36,Male,Business,Bhimavaram
P076,Gopal Chakraborty,52,Male,Mechanic,Hyderabad
P077,Lekha Kaur,21,Male,Trader,Visakhapatnam
P078,Aarini Jain,50,Male,Business,Bhimavaram
P079,Gaurav Cheema,23,Male,Business,Bhimavaram
P080,Yochana Shan,22,Male,Student,Vijayawada
P081,Vanya Radhakrishnan,54,Male,Trader,Bhimavaram
P082,Leela Shetty,20,Male,Student,Rajahmundry
P083,Amruta Koshy,55,Female,Employee,Guntur
P084,Vanya Krishnamurthy,60,Female,Driver,Hyderabad
P085,Ganga Ray,43,Male,Mechanic,Rajahmundry
P086,Reyansh Sachdev,37,Female,Employee,Vijayawada
P087,Liam Dash,18,Female,Trader,Bhimavaram
P088,Naksh Bora,24,Male,Trader,Guntur
P089,Qadim Vala,50,Female,Driver,Hyderabad
P090,Abhiram Keer,22,Male,Employee,Hyderabad
P091,Libni Chada,28,Female,Unknown,Bhimavaram
P092,Kritika Kapur,37,Male,Mechanic,Bhimavaram
P093,Gavin Kadakia,37,Male,Driver,Hyderabad
P094,Ria Prasad,25,Male,Mechanic,Bhimavaram
P095,Devika Dalal,27,Female,Employee,Bhimavaram
P096,Raghav Bajaj,31,Female,Driver,Rajahmundry
P097,Dev Nagar,58,Female,Trader,Visakhapatnam
P098,Aarush Kakar,34,Male,Business,Rajahmundry
P099,Ikshita Dass,45,Female,Business,Vijayawada
P100,Aarnav Nigam,39,Male,Mechanic,Hyderabad
P101,Maya Cheema,28,Female,Trader,Rajahmundry
P102,Ridhi Bhatia,45,Male,Business,Vijayawada
P103,Pushti More,27,Male,Unknown,Hyderabad
P104,Ojas Shankar,55,Male,Student,Guntur
P105,Aryan Sahni,20,Female,Employee,Vijayawada
P106,Ishanvi Kunda,40,Male,Mechanic,Guntur
P107,Rayaan Choudhry,60,Male,Employee,Bhimavaram
P108,Maanas Sem,44,Male,Driver,Guntur
P109,Abeer Andra,29,Female,Business,Guntur
P110,Vincent Ratti,39,Female,Unknown,Rajahmundry
P111,Ojas Varty,33,Female,Driver,Rajahmundry
P112,Quincy Chahal,24,Female,Unknown,Vijayawada
P113,Bishakha Vora,48,Male,Driver,Visakhapatnam
P114,Bhanumati Ramakrishnan,40,Female,Unknown,Guntur
P115,Brijesh Mukhopadhyay,32,Male,Mechanic,Guntur
P116,Damini Gopal,43,Female,Employee,Vijayawada
P117,Faqid Rastogi,35,Female,Mechanic,Bhimavaram
P118,Waida Anand,43,Female,Business,Vijayawada
P119,Pavani Vyas,34,Male,Trader,Hyderabad
P120,Ekiya Venkatesh,20,Male,Trader,Visakhapatnam
P121,Manbir Parekh,40,Female,Student,Bhimavaram
P122,Noah Kamdar,50,Male,Student,Bhimavaram
P123,Jeet Loke,30,Female,Business,Rajahmundry
P124,Oviya Aurora,45,Male,Trader,Bhimavaram
P125,Ria Atwal,60,Male,Employee,Visakhapatnam
P126,Mugdha Prakash,22,Female,Trader,Hyderabad
P127,Diya Garde,60,Male,Mechanic,Hyderabad
P128,Sathvik Konda,50,Female,Mechanic,Visakhapatnam
P129,Rachita Thakur,38,Female,Mechanic,Hyderabad
P130,Charles Natt,53,Male,Driver,Visakhapatnam
P131,Nimrat Kuruvilla,60,Female,Mechanic,Rajahmundry
P132,Jhalak Master,29,Female,Student,Bhimavaram
P133,Forum Goda,18,Female,Employee,Guntur
P134,Jairaj Chada,45,Female,Student,Visakhapatnam
P135,Vrishti Puri,46,Male,Trader,Visakhapatnam
P136,Arunima Chahal,28,Male,Employee,Bhimavaram
P137,Bhavani Shukla,60,Female,Business,Guntur
P138,Geetika Kade,37,Male,Unknown,Guntur
P139,Qasim Ratti,27,Male,Business,Guntur
P140,Geetika Soman,48,Male,Student,Visakhapatnam
P141,Warda Patla,58,Male,Mechanic,Rajahmundry
P142,Arya Krish,42,Female,Student,Guntur
P143,Niharika Setty,27,Male,Unknown,Vijayawada
P144,Andrew Bhatti,45,Male,Driver,Rajahmundry
P145,Kavya Das,51,Female,Business,Bhimavaram
P146,Qasim Pillai,33,Male,Student,Guntur
P147,Aashi Wali,47,Female,Unknown,Visakhapatnam
P148,Aarnav Ganguly,57,Female,Unknown,Bhimavaram
P149,Tara Bahl,46,Male,Mechanic,Visakhapatnam
P150,Ira Sengupta,46,Female,Unknown,Guntur
