phone_id,phone_number,person_id,operator
PH001,9288403665,P071,BSNL
PH002,9304464541,P062,Vi
PH003,9150632127,P113,Jio
PH004,9925322981,P074,Airtel
PH005,9316081261,P070,Vi
PH006,9032960793,P082,Jio
PH007,9934270070,P036,Airtel
PH008,9093751181,P060,BSNL
PH009,9791096767,P040,Airtel
PH010,9318924355,P017,BSNL
PH011,9580905174,P105,Vi
PH012,9849867395,P139,BSNL
PH013,9032497691,P107,Jio
PH014,9197462708,P053,BSNL
PH015,9855620020,P100,Jio
PH016,9743384215,P148,BSNL
PH017,9284930502,P123,Jio
PH018,9077782766,P091,Vi
PH019,9788857751,P100,BSNL
PH020,9533863432,P138,Airtel
PH021,9595264171,P125,Airtel
PH022,9821896982,P070,BSNL
PH023,9750955108,P125,Jio
PH024,9382033832,P100,Vi
PH025,9124003085,P104,Airtel
PH026,9394678190,P120,Airtel
PH027,9309663293,P137,Jio
PH028,9088464100,P101,Jio
PH029,9636652271,P022,BSNL
PH030,9928557620,P035,BSNL
PH031,9600939274,P047,Jio
PH032,9698034608,P067,BSNL
PH033,9145510863,P084,Airtel
PH034,9148695564,P117,Vi
PH035,9651311315,P087,BSNL
PH036,9665099788,P072,BSNL
PH037,9678907181,P065,Jio
PH038,9062128499,P121,Jio
PH039,9275491308,P139,Jio
PH040,9335234430,P090,Airtel
PH041,9502159410,P018,Jio
PH042,9840673572,P008,Airtel
PH043,9931360691,P052,Jio
PH044,9496622598,P040,Airtel
PH045,9796723271,P033,BSNL
PH046,9564697843,P030,Airtel
PH047,9865803825,P120,Vi
PH048,9314218568,P095,Airtel
PH049,9150864712,P030,Airtel
PH050,9626209679,P080,Jio
PH051,9859291347,P149,Jio
PH052,9740511305,P080,BSNL
PH053,9230613448,P102,Airtel
PH054,9446997409,P020,Airtel
PH055,9256489325,P027,Vi
PH056,9677959855,P031,Jio
PH057,9483399941,P089,BSNL
PH058,9206013109,P095,Jio
PH059,9526168644,P130,Vi
PH060,9036485360,P004,BSNL
PH061,9238012001,P126,Jio
PH062,9745357216,P111,Vi
PH063,9776995344,P118,Airtel
PH064,9750682439,P112,Airtel
PH065,9140623535,P134,Vi
PH066,9479422953,P138,BSNL
PH067,9582309032,P120,BSNL
PH068,9000457989,P069,Vi
PH069,9626376828,P063,Jio
PH070,9139906051,P072,BSNL
PH071,9821620401,P063,BSNL
PH072,9234399006,P146,BSNL
PH073,9872251245,P087,Jio
PH074,9539171034,P127,Vi
PH075,9229049592,P047,BSNL
PH076,9711360360,P055,Vi
PH077,9100670670,P067,Vi
PH078,9546705274,P072,Vi
PH079,9070252106,P143,Jio
PH080,9136429368,P133,Airtel
PH081,9663593612,P022,Airtel
PH082,9936000972,P105,BSNL
PH083,9133734082,P143,Airtel
PH084,9678852885,P122,BSNL
PH085,9574571070,P115,Jio
PH086,9787087938,P024,Vi
PH087,9859614949,P057,BSNL
PH088,9429237054,P063,Vi
PH089,9762509700,P149,Vi
PH090,9068599229,P122,Vi
PH091,9965422341,P109,Vi
PH092,9674977943,P091,BSNL
PH093,9227532654,P070,Vi
PH094,9831863247,P065,Airtel
PH095,9592054749,P031,Airtel
PH096,9073472910,P081,Jio
PH097,9648663108,P138,Airtel
PH098,9828946974,P050,Airtel
PH099,9053762172,P124,Vi
PH100,9284520500,P135,Vi
PH101,9903299445,P026,Airtel
PH102,9297388242,P076,Airtel
PH103,9707735627,P093,Airtel
PH104,9215253348,P078,Jio
PH105,9525923329,P137,Airtel
PH106,9271511777,P071,Jio
PH107,9047813563,P014,Vi
PH108,9277435760,P033,BSNL
PH109,9685414822,P027,Jio
PH110,9908961252,P147,Vi
PH111,9679412821,P121,BSNL
PH112,9659936049,P113,Vi
PH113,9486864990,P048,Jio
PH114,9438234255,P065,BSNL
PH115,9839129904,P030,Jio
PH116,9612958295,P103,BSNL
PH117,9952703696,P019,Jio
PH118,9308361433,P039,Airtel
PH119,9074529319,P145,Vi
PH120,9526869449,P022,Airtel
PH121,9470957451,P031,BSNL
PH122,9439506163,P058,BSNL
PH123,9591451242,P116,BSNL
PH124,9069870848,P077,BSNL
PH125,9029095772,P079,Jio
PH126,9222510409,P026,Airtel
PH127,9150545700,P055,Vi
PH128,9646944156,P021,Airtel
PH129,9623950872,P062,Airtel
PH130,9038466032,P142,Jio
PH131,9749939513,P041,Jio
PH132,9222297470,P105,BSNL
PH133,9913991379,P121,Vi
PH134,9145285275,P009,Airtel
PH135,9044062530,P074,Vi
PH136,9763920160,P117,Jio
PH137,9502774406,P060,Vi
PH138,9638441494,P051,BSNL
PH139,9884720466,P030,Airtel
PH140,9946875902,P039,Vi
PH141,9591917822,P037,Jio
PH142,9448077604,P016,Airtel
PH143,9025805277,P079,Vi
PH144,9516968938,P113,Jio
PH145,9483784194,P120,Vi
PH146,9271369299,P104,Vi
PH147,9414201617,P129,BSNL
PH148,9842510630,P113,Jio
PH149,9930656811,P011,BSNL
PH150,9482276054,P083,Vi
PH151,9067867247,P007,Jio
PH152,9674928938,P059,Jio
PH153,9614383575,P069,Jio
PH154,9303898465,P045,BSNL
PH155,9611595441,P133,BSNL
PH156,9614207215,P072,Airtel
PH157,9857725584,P150,BSNL
PH158,9760599158,P126,Jio
PH159,9891916227,P121,Vi
PH160,9164290633,P105,Vi
PH161,9269999390,P083,Jio
PH162,9578553846,P042,Vi
PH163,9922166770,P106,BSNL
PH164,9567696152,P074,BSNL
PH165,9429586026,P141,Jio
PH166,9449283137,P117,Jio
PH167,9924159127,P081,Vi
PH168,9328554206,P083,Jio
PH169,9220361345,P104,Jio
PH170,9403879740,P139,BSNL
PH171,9947409250,P106,Jio
PH172,9673693543,P049,Vi
PH173,9313054248,P128,BSNL
PH174,9499648378,P014,Airtel
PH175,9311788173,P069,Airtel
PH176,9570094759,P074,BSNL
PH177,9160800735,P125,Jio
PH178,9712565575,P008,Airtel
PH179,9812638041,P041,Vi
PH180,9950716809,P142,Jio
PH181,9347394494,P142,BSNL
PH182,9911389931,P024,Airtel
PH183,9003283313,P030,BSNL
PH184,9509477951,P031,Airtel
PH185,9348333005,P128,Vi
PH186,9093092587,P131,Vi
PH187,9083592852,P107,BSNL
PH188,9027068725,P121,Airtel
PH189,9615265854,P117,Airtel
PH190,9465537182,P099,Airtel
PH191,9184132003,P131,Airtel
PH192,9104365529,P018,Vi
PH193,9087332430,P107,Vi
PH194,9363594926,P130,Vi
PH195,9552418963,P001,Vi
PH196,9473496173,P077,BSNL
PH197,9301953882,P039,BSNL
PH198,9176907555,P138,BSNL
PH199,9406267354,P089,Vi
PH200,9703170033,P142,BSNL
PH201,9383777527,P117,Vi
PH202,9828062947,P049,Airtel
PH203,9470145822,P147,BSNL
PH204,9566366165,P060,BSNL
PH205,9516081819,P012,Vi
PH206,9425042181,P122,BSNL
PH207,9925084537,P099,Airtel
PH208,9724747888,P127,Jio
PH209,9658354088,P033,Vi
PH210,9468383308,P026,BSNL
PH211,9143690614,P026,BSNL
PH212,9401070810,P004,Airtel
PH213,9925387407,P105,Airtel
PH214,9276787250,P020,BSNL
PH215,9465209504,P068,Vi
PH216,9517370061,P102,Jio
PH217,9021947931,P085,BSNL
PH218,9676881351,P082,BSNL
PH219,9443153159,P139,Jio
PH220,9218959017,P018,Airtel
PH221,9187236370,P074,Airtel
PH222,9075987328,P024,BSNL
PH223,9380091680,P026,Jio
PH224,9940554257,P114,Airtel
PH225,9316311221,P077,Jio
PH226,9899320589,P012,Vi
PH227,9307873505,P015,Vi
PH228,9825116883,P092,Vi
PH229,9264771386,P111,Airtel
PH230,9041229479,P063,BSNL
PH231,9739141965,P145,Airtel
PH232,9626971057,P044,Airtel
PH233,9287879493,P021,BSNL
PH234,9018995043,P062,BSNL
PH235,9619233242,P150,Airtel
PH236,9736180195,P060,BSNL
PH237,9355986671,P066,BSNL
PH238,9953282697,P066,Jio
PH239,9926907917,P120,Vi
PH240,9541932202,P140,Airtel
PH241,9672807463,P019,BSNL
PH242,9414208430,P089,Vi
PH243,9172057341,P109,Vi
PH244,9021539097,P117,Vi
PH245,9159710641,P051,BSNL
PH246,9394751885,P124,Jio
PH247,9679328944,P061,BSNL
PH248,9885543647,P147,Vi
PH249,9273765036,P148,Vi
PH250,9654886871,P076,Jio
