transaction_id,sender_person_id,receiver_person_id,amount,transaction_date,transaction_type
T0001,P005,P138,65903.1,2026-02-07,UPI
T0002,P098,P066,87067.57,2025-11-16,NEFT
T0003,P114,P057,32764.17,2026-02-03,NEFT
T0004,P149,P102,15986.33,2025-11-27,NEFT
T0005,P112,P095,15259.25,2026-07-22,Bank Transfer
T0006,P024,P127,18560.6,2026-04-16,NEFT
T0007,P046,P049,57180.97,2025-12-23,NEFT
T0008,P073,P006,31360.94,2026-05-12,NEFT
T0009,P101,P049,7410.68,2025-11-30,UPI
T0010,P110,P063,45774.9,2026-07-22,Bank Transfer
T0011,P026,P135,14160.48,2026-02-13,UPI
T0012,P026,P097,38707.06,2025-09-16,UPI
T0013,P004,P012,13651.82,2026-08-17,UPI
T0014,P069,P037,93890.54,2026-02-12,UPI
T0015,P003,P028,54465.83,2025-11-30,IMPS
T0016,P022,P052,14353.39,2026-07-31,Bank Transfer
T0017,P042,P079,33509.75,2026-03-15,NEFT
T0018,P063,P015,54580.88,2026-04-26,IMPS
T0019,P140,P032,2610.19,2026-06-15,UPI
T0020,P027,P140,30025.48,2026-03-07,Bank Transfer
T0021,P037,P001,91260.61,2026-03-29,UPI
T0022,P059,P110,38845.61,2026-05-10,IMPS
T0023,P074,P058,92208.25,2026-02-06,Bank Transfer
T0024,P029,P126,17371.13,2026-05-28,UPI
T0025,P058,P027,95668.42,2025-12-18,IMPS
T0026,P092,P020,61761.83,2026-01-02,UPI
T0027,P093,P022,89610.86,2025-10-12,NEFT
T0028,P046,P110,53282.82,2026-01-22,NEFT
T0029,P109,P039,89365.2,2026-05-19,IMPS
T0030,P074,P090,87602.52,2026-01-29,IMPS
T0031,P128,P095,93321.74,2026-01-15,UPI
T0032,P001,P039,77889.51,2026-08-26,NEFT
T0033,P082,P038,39364.66,2026-01-31,Bank Transfer
T0034,P018,P029,57995.37,2026-03-20,IMPS
T0035,P038,P024,32643.81,2026-01-11,NEFT
T0036,P047,P099,35584.57,2026-08-08,Bank Transfer
T0037,P109,P124,69495.37,2026-08-08,Bank Transfer
T0038,P086,P036,80313.02,2026-03-15,NEFT
T0039,P099,P108,55159.26,2025-11-15,Bank Transfer
T0040,P137,P138,82229.72,2025-10-31,Bank Transfer
T0041,P022,P149,71634.64,2025-12-11,NEFT
T0042,P023,P061,36490.09,2026-03-19,NEFT
T0043,P005,P093,56058.26,2025-11-15,NEFT
T0044,P029,P016,91180.51,2026-01-18,IMPS
T0045,P036,P076,46308.64,2025-11-12,Bank Transfer
T0046,P063,P054,82868.27,2026-07-09,UPI
T0047,P036,P031,96224.17,2025-11-12,NEFT
T0048,P097,P007,69764.19,2025-12-01,Bank Transfer
T0049,P096,P014,70289.48,2025-12-15,UPI
T0050,P123,P041,3503.48,2025-09-25,IMPS
T0051,P037,P021,24882.06,2026-01-23,UPI
T0052,P146,P107,15396.86,2026-07-03,NEFT
T0053,P121,P036,74936.66,2026-01-03,IMPS
T0054,P121,P106,72394.46,2025-11-25,Bank Transfer
T0055,P004,P074,11571.03,2026-02-11,UPI
T0056,P009,P045,50577.89,2026-03-25,UPI
T0057,P102,P109,68150.4,2025-12-22,Bank Transfer
T0058,P142,P067,91955.45,2025-12-22,IMPS
T0059,P059,P109,93179.3,2025-09-07,IMPS
T0060,P024,P134,38067.25,2025-12-19,NEFT
T0061,P055,P103,62094.85,2025-11-14,NEFT
T0062,P101,P048,82339.24,2025-09-03,UPI
T0063,P120,P123,31662.37,2025-09-20,Bank Transfer
T0064,P098,P043,5939.83,2026-03-25,IMPS
T0065,P109,P050,27357.0,2026-01-21,UPI
T0066,P020,P093,60517.42,2026-06-08,IMPS
T0067,P008,P062,28579.59,2026-08-17,UPI
T0068,P017,P055,59912.52,2026-05-07,IMPS
T0069,P049,P142,20571.73,2025-11-28,UPI
T0070,P062,P069,8961.42,2026-08-06,UPI
T0071,P145,P124,5045.22,2025-11-22,IMPS
T0072,P024,P080,1343.63,2026-05-13,IMPS
T0073,P073,P102,50271.5,2026-05-25,IMPS
T0074,P101,P092,97398.15,2026-03-06,UPI
T0075,P085,P105,89702.86,2025-09-03,UPI
T0076,P129,P039,2856.69,2025-12-16,Bank Transfer
T0077,P123,P010,29366.88,2026-05-12,NEFT
T0078,P119,P021,88577.79,2026-02-14,UPI
T0079,P060,P056,80843.87,2026-08-10,NEFT
T0080,P042,P129,51871.93,2026-02-17,IMPS
T0081,P115,P034,34232.56,2026-03-17,IMPS
T0082,P111,P011,89122.65,2026-04-24,Bank Transfer
T0083,P062,P054,99702.45,2026-04-30,UPI
T0084,P040,P146,62965.07,2026-05-03,Bank Transfer
T0085,P025,P004,14690.94,2026-04-20,IMPS
T0086,P141,P023,50141.77,2026-04-02,Bank Transfer
T0087,P081,P044,93438.57,2025-10-07,NEFT
T0088,P018,P072,57862.91,2026-07-17,IMPS
T0089,P023,P019,18329.03,2026-06-25,Bank Transfer
T0090,P067,P122,97859.13,2026-03-27,Bank Transfer
T0091,P036,P032,97182.22,2026-08-17,Bank Transfer
T0092,P011,P094,85970.82,2025-09-15,Bank Transfer
T0093,P105,P034,44362.35,2026-07-19,IMPS
T0094,P096,P022,68378.99,2026-05-08,Bank Transfer
T0095,P068,P011,62251.07,2025-12-28,UPI
T0096,P063,P144,1290.32,2026-06-07,UPI
T0097,P075,P097,16241.48,2026-02-21,Bank Transfer
T0098,P019,P058,39128.19,2025-12-16,Bank Transfer
T0099,P024,P090,46854.82,2026-05-13,Bank Transfer
T0100,P028,P022,18437.2,2025-12-15,UPI
T0101,P102,P111,20347.36,2025-12-25,IMPS
T0102,P017,P082,34571.14,2026-08-04,Bank Transfer
T0103,P055,P122,11875.48,2026-08-10,Bank Transfer
T0104,P010,P140,15996.24,2025-09-26,Bank Transfer
T0105,P038,P055,32358.57,2026-08-28,UPI
T0106,P098,P016,93677.74,2026-07-24,IMPS
T0107,P111,P122,21735.37,2026-08-08,NEFT
T0108,P006,P109,27349.89,2025-12-23,NEFT
T0109,P022,P037,7391.28,2026-03-11,Bank Transfer
T0110,P021,P077,87440.7,2026-02-22,Bank Transfer
T0111,P108,P135,21803.44,2026-03-08,IMPS
T0112,P048,P014,9697.91,2026-07-12,Bank Transfer
T0113,P088,P077,16871.06,2026-04-02,IMPS
T0114,P108,P124,47812.19,2026-01-17,NEFT
T0115,P112,P091,91303.48,2026-03-03,Bank Transfer
T0116,P003,P144,78415.7,2025-11-21,NEFT
T0117,P020,P149,61842.98,2026-08-24,IMPS
T0118,P082,P004,15475.37,2026-01-05,Bank Transfer
T0119,P038,P128,86497.98,2026-04-29,UPI
T0120,P105,P068,52308.82,2026-04-03,UPI
T0121,P116,P033,63612.16,2026-04-15,UPI
T0122,P010,P056,74697.9,2026-04-27,NEFT
T0123,P108,P140,77551.25,2025-09-12,Bank Transfer
T0124,P056,P090,21371.43,2026-02-23,NEFT
T0125,P148,P004,37340.51,2026-09-01,IMPS
T0126,P005,P078,89717.16,2026-02-02,UPI
T0127,P128,P117,41698.35,2025-12-26,IMPS
T0128,P091,P139,42871.99,2026-04-16,IMPS
T0129,P030,P046,46152.94,2025-10-14,IMPS
T0130,P046,P142,59691.74,2026-05-19,Bank Transfer
T0131,P098,P073,84586.62,2026-05-18,Bank Transfer
T0132,P073,P026,99538.64,2026-01-10,UPI
T0133,P023,P005,61817.91,2025-09-16,Bank Transfer
T0134,P027,P128,75119.4,2025-10-16,UPI
T0135,P114,P129,58332.74,2026-06-06,UPI
T0136,P075,P108,21581.18,2026-06-27,Bank Transfer
T0137,P142,P098,11892.86,2026-01-05,Bank Transfer
T0138,P032,P090,96777.8,2025-10-21,Bank Transfer
T0139,P106,P102,1256.71,2025-10-07,IMPS
T0140,P058,P130,28718.64,2026-05-09,IMPS
T0141,P079,P107,67493.43,2026-01-10,UPI
T0142,P107,P009,2045.24,2026-06-12,NEFT
T0143,P096,P133,82093.42,2026-03-08,IMPS
T0144,P086,P044,95936.48,2025-12-28,Bank Transfer
T0145,P062,P143,97362.29,2026-08-30,NEFT
T0146,P101,P014,80232.5,2026-08-06,Bank Transfer
T0147,P033,P100,97746.89,2026-05-13,NEFT
T0148,P104,P082,51969.07,2026-07-17,Bank Transfer
T0149,P060,P026,71147.47,2026-05-12,NEFT
T0150,P130,P031,63328.39,2026-03-24,Bank Transfer
T0151,P067,P142,16325.79,2025-10-26,IMPS
T0152,P053,P024,9779.91,2025-12-26,Bank Transfer
T0153,P003,P040,3267.92,2026-07-20,UPI
T0154,P147,P098,3016.34,2025-12-22,NEFT
T0155,P117,P092,19062.24,2026-02-23,NEFT
T0156,P077,P050,53774.01,2025-09-19,NEFT
T0157,P097,P067,66096.14,2026-03-24,IMPS
T0158,P022,P037,62930.08,2026-04-29,UPI
T0159,P029,P118,92756.3,2026-08-29,UPI
T0160,P028,P037,28605.07,2026-01-03,NEFT
T0161,P024,P020,49677.38,2025-11-03,IMPS
T0162,P054,P101,10516.84,2025-11-11,UPI
T0163,P106,P019,48908.47,2026-08-02,UPI
T0164,P054,P108,37837.81,2026-08-09,IMPS
T0165,P116,P042,18390.74,2026-05-10,UPI
T0166,P046,P146,63305.73,2026-06-05,UPI
T0167,P031,P088,99377.09,2025-12-29,Bank Transfer
T0168,P140,P002,16259.63,2026-04-20,IMPS
T0169,P032,P050,60808.02,2026-06-12,UPI
T0170,P133,P132,76215.62,2026-05-09,NEFT
T0171,P094,P030,89907.95,2026-03-08,UPI
T0172,P084,P036,22366.23,2026-02-22,NEFT
T0173,P069,P071,48416.7,2025-10-04,UPI
T0174,P090,P142,65366.49,2025-11-14,Bank Transfer
T0175,P127,P112,51509.33,2026-04-09,Bank Transfer
T0176,P050,P065,17709.47,2026-01-26,IMPS
T0177,P101,P027,58573.0,2026-08-14,IMPS
T0178,P043,P053,95399.33,2026-03-12,Bank Transfer
T0179,P111,P115,42661.86,2026-07-24,IMPS
T0180,P082,P028,60925.92,2026-08-25,Bank Transfer
T0181,P052,P146,35615.09,2025-11-13,UPI
T0182,P116,P043,89000.24,2026-05-25,IMPS
T0183,P105,P076,60586.27,2026-01-22,IMPS
T0184,P102,P008,11907.67,2026-02-28,IMPS
T0185,P110,P048,36095.58,2026-01-25,UPI
T0186,P056,P096,37510.45,2026-02-10,IMPS
T0187,P032,P003,32199.62,2026-08-23,UPI
T0188,P085,P055,46804.97,2025-11-14,IMPS
T0189,P060,P144,7090.4,2025-12-07,IMPS
T0190,P055,P135,22137.61,2026-02-12,IMPS
T0191,P020,P147,89320.07,2026-02-24,Bank Transfer
T0192,P112,P082,81432.75,2026-01-18,NEFT
T0193,P051,P013,80371.16,2026-04-20,Bank Transfer
T0194,P012,P071,42413.11,2026-08-08,UPI
T0195,P116,P044,60342.35,2026-05-21,Bank Transfer
T0196,P061,P148,2616.24,2025-11-05,UPI
T0197,P148,P002,91208.49,2026-04-25,IMPS
T0198,P034,P104,4182.32,2026-03-12,UPI
T0199,P087,P005,7410.68,2025-11-30,UPI
T0200,P107,P078,27830.02,2025-09-15,IMPS
T0201,P103,P021,55866.8,2025-09-18,IMPS
T0202,P127,P013,39636.09,2025-11-26,Bank Transfer
T0203,P127,P032,84386.03,2025-10-12,UPI
T0204,P008,P058,5259.51,2026-08-25,UPI
T0205,P036,P027,99357.27,2026-06-27,Bank Transfer
T0206,P058,P044,9257.66,2026-07-01,IMPS
T0207,P138,P002,93443.98,2026-01-03,UPI
T0208,P067,P012,11524.96,2026-04-21,IMPS
T0209,P020,P068,33268.23,2026-03-23,Bank Transfer
T0210,P070,P044,92523.41,2026-07-14,Bank Transfer
T0211,P031,P033,32273.6,2025-12-19,NEFT
T0212,P150,P106,63871.91,2026-02-27,UPI
T0213,P134,P136,24432.08,2026-05-13,Bank Transfer
T0214,P126,P072,32530.18,2026-05-12,Bank Transfer
T0215,P058,P024,26749.3,2026-06-15,IMPS
T0216,P022,P091,56072.27,2026-06-24,NEFT
T0217,P053,P020,7976.87,2026-01-09,Bank Transfer
T0218,P016,P055,1806.25,2026-03-17,NEFT
T0219,P120,P099,19197.78,2025-09-05,UPI
T0220,P088,P054,81492.54,2026-01-03,IMPS
T0221,P080,P117,65701.29,2025-12-23,UPI
T0222,P034,P057,91711.38,2026-05-17,Bank Transfer
T0223,P116,P132,20700.56,2025-11-24,Bank Transfer
T0224,P049,P018,28144.92,2026-08-02,NEFT
T0225,P079,P148,65014.1,2026-07-29,NEFT
T0226,P119,P028,74630.09,2025-09-11,NEFT
T0227,P005,P118,19109.46,2026-02-23,UPI
T0228,P122,P136,45537.77,2026-04-05,IMPS
T0229,P031,P141,8864.64,2026-06-16,Bank Transfer
T0230,P055,P039,39994.34,2026-04-07,Bank Transfer
T0231,P131,P086,5789.13,2026-03-16,IMPS
T0232,P095,P026,5388.87,2026-03-19,Bank Transfer
T0233,P109,P050,29753.59,2026-01-06,Bank Transfer
T0234,P046,P071,53191.49,2025-10-10,Bank Transfer
T0235,P133,P111,11363.86,2026-02-17,UPI
T0236,P064,P029,22348.19,2026-05-21,UPI
T0237,P010,P148,26984.74,2025-12-15,UPI
T0238,P137,P026,27908.22,2026-04-03,Bank Transfer
T0239,P101,P026,22378.89,2025-11-06,IMPS
T0240,P127,P053,17517.4,2026-03-08,NEFT
T0241,P089,P074,70732.41,2026-06-08,IMPS
T0242,P001,P025,18915.34,2026-02-09,Bank Transfer
T0243,P079,P062,17438.14,2026-02-09,UPI
T0244,P043,P048,33549.45,2026-08-05,Bank Transfer
T0245,P037,P004,66770.12,2026-06-07,Bank Transfer
T0246,P086,P006,18162.75,2025-10-10,IMPS
T0247,P020,P044,68080.69,2026-01-19,UPI
T0248,P091,P122,58524.31,2025-12-14,Bank Transfer
T0249,P064,P121,11383.91,2025-12-23,UPI
T0250,P146,P075,83618.22,2026-01-02,NEFT
T0251,P038,P025,10449.25,2026-03-24,IMPS
T0252,P116,P126,73614.09,2026-05-05,IMPS
T0253,P125,P065,36746.79,2026-02-20,UPI
T0254,P091,P078,71160.64,2026-04-17,Bank Transfer
T0255,P029,P070,68735.52,2026-01-25,UPI
T0256,P038,P106,85698.42,2025-11-29,NEFT
T0257,P092,P128,3575.02,2026-08-22,Bank Transfer
T0258,P093,P053,74564.33,2025-12-11,NEFT
T0259,P097,P028,96562.58,2026-07-23,Bank Transfer
T0260,P135,P045,26898.28,2026-03-25,IMPS
T0261,P085,P101,59120.21,2026-03-11,IMPS
T0262,P080,P049,4589.45,2026-07-30,IMPS
T0263,P032,P111,79635.62,2025-11-02,IMPS
T0264,P074,P029,96962.25,2026-02-15,Bank Transfer
T0265,P038,P120,68251.85,2025-09-13,IMPS
T0266,P143,P042,30712.74,2026-04-21,IMPS
T0267,P017,P076,2051.44,2026-01-02,UPI
T0268,P056,P073,82634.32,2025-10-24,UPI
T0269,P014,P126,30929.24,2026-07-18,Bank Transfer
T0270,P091,P001,5465.25,2026-05-30,NEFT
T0271,P090,P073,78633.7,2026-03-03,NEFT
T0272,P023,P070,14693.1,2026-05-16,NEFT
T0273,P111,P150,91866.85,2026-07-20,IMPS
T0274,P057,P009,47581.19,2025-12-05,IMPS
T0275,P064,P099,42545.05,2026-08-09,UPI
T0276,P067,P078,59905.36,2026-05-12,NEFT
T0277,P145,P112,68052.86,2025-12-25,IMPS
T0278,P149,P036,68490.46,2026-01-10,NEFT
T0279,P065,P035,41923.07,2025-09-09,NEFT
T0280,P078,P079,9016.99,2025-10-18,Bank Transfer
T0281,P140,P047,37908.61,2026-07-27,Bank Transfer
T0282,P025,P036,52893.85,2025-12-30,IMPS
T0283,P129,P092,47103.7,2025-11-20,Bank Transfer
T0284,P120,P108,96163.97,2026-05-20,Bank Transfer
T0285,P008,P144,3129.0,2026-08-27,Bank Transfer
T0286,P023,P036,61713.25,2026-07-26,IMPS
T0287,P063,P149,51464.58,2025-09-21,NEFT
T0288,P140,P145,87841.62,2025-09-27,UPI
T0289,P101,P033,40592.74,2025-09-22,UPI
T0290,P119,P133,46291.96,2026-07-07,UPI
T0291,P022,P015,27382.4,2025-10-01,UPI
T0292,P086,P025,82283.04,2026-06-11,Bank Transfer
T0293,P085,P016,12583.55,2025-09-18,UPI
T0294,P053,P133,14843.11,2025-10-30,Bank Transfer
T0295,P035,P058,89557.71,2025-12-11,NEFT
T0296,P078,P080,72054.63,2026-04-05,UPI
T0297,P125,P052,11913.53,2025-10-19,UPI
T0298,P040,P031,52222.34,2026-07-31,NEFT
T0299,P053,P027,47637.37,2026-07-18,Bank Transfer
T0300,P101,P015,92641.42,2025-09-15,IMPS
T0301,P104,P124,98278.28,2025-11-14,NEFT
T0302,P140,P067,82257.8,2025-12-18,Bank Transfer
T0303,P032,P111,15051.51,2025-11-02,UPI
T0304,P048,P037,81945.74,2026-01-19,NEFT
T0305,P044,P131,74295.64,2026-04-12,NEFT
T0306,P122,P123,29358.6,2026-06-25,UPI
T0307,P127,P095,66936.12,2026-04-24,Bank Transfer
T0308,P099,P028,46664.39,2025-10-26,Bank Transfer
T0309,P038,P008,28700.51,2026-06-28,UPI
T0310,P145,P100,1596.45,2025-12-14,IMPS
T0311,P009,P114,4741.86,2026-04-14,IMPS
T0312,P036,P120,88301.21,2025-10-01,Bank Transfer
T0313,P071,P003,98184.49,2026-06-17,IMPS
T0314,P129,P054,35208.99,2026-08-02,Bank Transfer
T0315,P132,P017,17862.44,2026-06-14,NEFT
T0316,P091,P145,34259.46,2025-11-05,NEFT
T0317,P072,P078,92385.96,2025-09-05,UPI
T0318,P124,P097,96274.22,2025-11-09,NEFT
T0319,P148,P130,77652.1,2025-10-01,IMPS
T0320,P034,P083,59090.78,2025-12-28,IMPS
T0321,P150,P104,7223.21,2025-09-20,UPI
T0322,P041,P060,10105.77,2026-05-18,UPI
T0323,P128,P122,32704.11,2026-05-14,NEFT
T0324,P061,P027,90029.53,2026-02-12,NEFT
T0325,P099,P108,92276.39,2026-04-16,UPI
T0326,P065,P030,4223.12,2026-03-10,UPI
T0327,P114,P096,60850.06,2025-11-01,UPI
T0328,P045,P083,11212.27,2026-05-01,Bank Transfer
T0329,P097,P035,98892.65,2025-11-24,NEFT
T0330,P051,P065,49364.75,2025-11-06,IMPS
T0331,P058,P052,74344.31,2026-01-09,Bank Transfer
T0332,P136,P050,9058.82,2026-09-03,UPI
T0333,P025,P053,3807.3,2026-04-23,NEFT
T0334,P002,P093,77551.37,2026-06-25,UPI
T0335,P088,P048,68394.94,2026-08-12,Bank Transfer
T0336,P049,P054,57251.82,2025-12-31,Bank Transfer
T0337,P129,P091,35970.28,2025-12-16,NEFT
T0338,P018,P113,43037.42,2026-02-11,Bank Transfer
T0339,P019,P146,8275.31,2025-09-29,IMPS
T0340,P026,P031,50121.87,2026-05-25,UPI
T0341,P139,P085,2742.98,2026-04-24,IMPS
T0342,P065,P100,70475.69,2026-02-28,UPI
T0343,P041,P074,7940.32,2025-12-03,NEFT
T0344,P133,P129,31567.81,2025-11-21,UPI
T0345,P140,P029,58485.86,2026-05-20,IMPS
T0346,P008,P009,34135.5,2026-06-04,IMPS
T0347,P052,P086,88858.79,2026-06-18,UPI
T0348,P036,P053,54935.19,2025-09-20,IMPS
T0349,P016,P061,49608.73,2026-01-28,UPI
T0350,P089,P019,95015.82,2025-11-13,UPI
T0351,P142,P123,94686.77,2026-03-13,IMPS
T0352,P011,P027,4042.21,2025-09-27,NEFT
T0353,P090,P111,48020.46,2026-02-23,NEFT
T0354,P006,P015,3122.21,2026-04-11,NEFT
T0355,P137,P098,68353.15,2025-12-26,UPI
T0356,P142,P124,5687.97,2026-01-25,Bank Transfer
T0357,P033,P111,70283.11,2026-01-20,NEFT
T0358,P030,P113,12240.26,2026-04-27,IMPS
T0359,P091,P050,34641.0,2026-02-01,UPI
T0360,P061,P060,9653.09,2026-05-30,UPI
T0361,P059,P106,74873.83,2025-09-27,UPI
T0362,P004,P064,81355.88,2025-10-29,UPI
T0363,P015,P033,44136.31,2025-11-11,IMPS
T0364,P012,P081,35291.91,2026-04-19,NEFT
T0365,P075,P034,60809.32,2025-10-15,Bank Transfer
T0366,P032,P020,8099.6,2025-10-13,NEFT
T0367,P127,P092,89815.2,2026-08-31,NEFT
T0368,P114,P078,94171.99,2026-02-04,IMPS
T0369,P063,P135,89351.36,2026-02-07,IMPS
T0370,P139,P129,10885.63,2026-04-05,IMPS
T0371,P106,P125,28338.49,2026-05-17,NEFT
T0372,P036,P134,23438.32,2026-01-25,NEFT
T0373,P032,P096,72628.62,2026-03-10,NEFT
T0374,P010,P061,69985.02,2026-06-26,Bank Transfer
T0375,P030,P006,50141.3,2026-08-26,UPI
T0376,P070,P072,59029.9,2025-12-27,IMPS
T0377,P022,P016,28269.7,2026-03-19,Bank Transfer
T0378,P127,P005,86345.89,2026-01-08,Bank Transfer
T0379,P114,P012,22832.62,2026-04-03,Bank Transfer
T0380,P048,P111,53482.95,2026-04-29,IMPS
T0381,P009,P139,76418.13,2026-08-28,UPI
T0382,P087,P068,81119.25,2026-06-27,NEFT
T0383,P008,P088,72715.74,2025-12-12,Bank Transfer
T0384,P110,P015,80835.97,2026-04-12,Bank Transfer
T0385,P074,P137,46618.5,2026-08-10,IMPS
T0386,P042,P098,46999.58,2026-05-29,NEFT
T0387,P034,P004,28429.66,2026-08-19,IMPS
T0388,P022,P064,77248.25,2026-04-21,IMPS
T0389,P087,P147,39762.82,2026-04-01,IMPS
T0390,P093,P069,66093.38,2025-09-17,UPI
T0391,P032,P079,57059.89,2026-02-03,IMPS
T0392,P068,P046,44658.96,2026-06-24,UPI
T0393,P113,P003,46910.73,2025-10-23,IMPS
T0394,P123,P143,22175.33,2026-08-24,UPI
T0395,P149,P021,28006.34,2025-10-02,IMPS
T0396,P017,P113,18390.49,2026-06-12,IMPS
T0397,P067,P127,13158.64,2026-08-07,NEFT
T0398,P038,P013,23650.91,2026-03-05,UPI
T0399,P048,P130,86126.74,2025-11-29,IMPS
T0400,P011,P142,71877.09,2026-09-02,UPI
T0401,P067,P066,2103.76,2026-04-09,IMPS
T0402,P139,P012,60257.59,2025-10-31,IMPS
T0403,P028,P020,50940.32,2026-03-02,UPI
T0404,P131,P020,24079.38,2026-01-08,IMPS
T0405,P147,P096,82999.22,2026-07-23,Bank Transfer
T0406,P019,P110,87647.39,2026-06-06,NEFT
T0407,P007,P084,60893.19,2025-09-18,IMPS
T0408,P086,P105,89790.53,2026-01-03,IMPS
T0409,P121,P076,62380.68,2026-04-04,NEFT
T0410,P095,P012,29441.83,2026-03-23,NEFT
T0411,P007,P028,61099.3,2026-07-25,IMPS
T0412,P131,P149,71427.6,2026-02-12,NEFT
T0413,P097,P150,3743.65,2026-01-03,NEFT
T0414,P098,P021,95540.35,2026-04-24,NEFT
T0415,P145,P129,99782.39,2025-10-02,Bank Transfer
T0416,P138,P032,84835.71,2025-11-18,UPI
T0417,P121,P135,52273.43,2026-04-26,IMPS
T0418,P069,P050,83682.89,2025-09-13,IMPS
T0419,P063,P085,24685.8,2025-09-28,IMPS
T0420,P060,P117,31824.23,2025-12-20,UPI
T0421,P062,P114,73413.43,2026-06-30,Bank Transfer
T0422,P093,P021,35522.47,2026-01-01,UPI
T0423,P093,P124,60719.25,2026-06-27,Bank Transfer
T0424,P108,P059,57149.55,2026-03-13,NEFT
T0425,P138,P063,77756.6,2025-11-07,Bank Transfer
T0426,P150,P036,60751.79,2026-07-17,IMPS
T0427,P088,P081,12237.42,2026-03-27,Bank Transfer
T0428,P108,P130,98333.15,2026-01-09,Bank Transfer
T0429,P051,P047,87702.37,2025-09-07,UPI
T0430,P043,P031,42153.25,2025-12-08,Bank Transfer
T0431,P026,P033,87011.15,2026-05-01,Bank Transfer
T0432,P007,P043,98998.38,2026-04-26,NEFT
T0433,P132,P136,91902.99,2026-08-01,Bank Transfer
T0434,P091,P033,40530.59,2026-04-26,NEFT
T0435,P076,P031,34012.43,2026-05-01,IMPS
T0436,P028,P012,7838.38,2025-12-08,IMPS
T0437,P115,P105,63267.78,2026-03-26,Bank Transfer
T0438,P075,P123,70161.31,2026-05-12,NEFT
T0439,P131,P022,15649.51,2026-08-14,UPI
T0440,P095,P117,38247.77,2026-06-14,Bank Transfer
T0441,P046,P131,72392.05,2026-07-16,IMPS
T0442,P025,P060,30086.18,2025-10-25,IMPS
T0443,P013,P145,52008.93,2026-01-04,Bank Transfer
T0444,P074,P083,38714.74,2026-01-08,NEFT
T0445,P037,P011,81491.72,2026-02-06,NEFT
T0446,P111,P133,28186.49,2025-10-30,IMPS
T0447,P026,P089,28836.7,2026-02-18,UPI
T0448,P074,P071,48920.25,2026-05-18,NEFT
T0449,P044,P074,93950.89,2025-12-10,IMPS
T0450,P028,P060,66810.14,2026-04-29,NEFT
T0451,P025,P053,55440.26,2026-02-18,NEFT
T0452,P008,P011,96005.74,2026-03-04,NEFT
T0453,P002,P126,83334.2,2025-09-26,UPI
T0454,P095,P053,28542.83,2026-08-26,Bank Transfer
T0455,P114,P134,13054.78,2026-08-03,Bank Transfer
T0456,P076,P029,71766.97,2025-10-03,UPI
T0457,P114,P111,49578.93,2026-06-28,UPI
T0458,P036,P072,73297.56,2025-10-15,UPI
T0459,P091,P021,74555.61,2026-05-21,NEFT
T0460,P020,P084,16094.36,2026-08-05,IMPS
T0461,P071,P117,63247.08,2025-11-26,UPI
T0462,P081,P010,43621.07,2026-01-24,IMPS
T0463,P049,P143,66282.48,2026-05-19,UPI
T0464,P003,P063,14119.03,2026-03-09,Bank Transfer
T0465,P057,P051,26895.96,2026-04-21,NEFT
T0466,P125,P048,73489.29,2026-05-24,IMPS
T0467,P034,P051,63659.89,2025-11-19,UPI
T0468,P133,P055,818.17,2025-11-15,UPI
T0469,P126,P143,61316.11,2026-06-07,NEFT
T0470,P010,P108,68954.18,2025-11-16,Bank Transfer
T0471,P150,P061,63952.61,2026-08-04,Bank Transfer
T0472,P136,P047,87850.02,2026-02-25,NEFT
T0473,P075,P125,49277.09,2026-01-13,Bank Transfer
T0474,P092,P140,48355.43,2026-01-26,UPI
T0475,P057,P029,96310.44,2025-10-04,IMPS
T0476,P108,P115,32877.01,2025-10-20,Bank Transfer
T0477,P030,P046,46741.23,2025-10-07,IMPS
T0478,P030,P089,69848.37,2026-04-16,NEFT
T0479,P124,P126,60305.35,2026-07-20,NEFT
T0480,P008,P075,27158.42,2026-04-23,NEFT
T0481,P105,P016,56444.6,2025-12-27,IMPS
T0482,P067,P082,41417.29,2026-02-28,Bank Transfer
T0483,P109,P103,26439.59,2026-05-01,UPI
T0484,P069,P125,72954.59,2026-02-09,IMPS
T0485,P012,P079,45039.82,2026-02-09,NEFT
T0486,P147,P043,53833.3,2026-01-01,UPI
T0487,P085,P034,60693.64,2025-12-26,UPI
T0488,P006,P098,9480.14,2026-07-31,IMPS
T0489,P091,P142,6814.75,2026-06-10,UPI
T0490,P133,P054,36528.73,2025-09-19,NEFT
T0491,P041,P138,39854.87,2025-11-08,NEFT
T0492,P075,P042,91110.05,2026-01-13,IMPS
T0493,P106,P056,55518.64,2026-06-18,NEFT
T0494,P004,P010,84625.46,2026-05-03,UPI
T0495,P129,P102,79238.67,2026-07-22,UPI
T0496,P041,P073,30495.91,2026-05-29,NEFT
T0497,P064,P009,27609.6,2025-10-29,UPI
T0498,P097,P103,13553.72,2026-04-01,IMPS
T0499,P022,P020,7852.08,2026-01-06,Bank Transfer
T0500,P006,P004,74393.87,2025-10-04,NEFT
T0501,P025,P101,19831.27,2025-10-13,IMPS
T0502,P083,P109,51479.39,2025-10-19,UPI
T0503,P078,P071,46161.11,2026-04-15,UPI
T0504,P068,P148,47404.34,2026-08-25,IMPS
T0505,P110,P024,22614.17,2025-10-23,Bank Transfer
T0506,P144,P072,48593.28,2025-09-16,NEFT
T0507,P098,P005,99318.82,2025-12-11,Bank Transfer
T0508,P096,P140,71600.58,2026-03-13,Bank Transfer
T0509,P058,P148,97531.46,2026-06-19,Bank Transfer
T0510,P060,P115,37297.25,2025-10-18,UPI
T0511,P080,P086,14805.24,2026-08-20,UPI
T0512,P025,P144,17340.94,2026-06-17,Bank Transfer
T0513,P064,P022,14562.39,2026-07-24,Bank Transfer
T0514,P134,P146,76177.87,2025-11-24,UPI
T0515,P127,P065,41479.93,2026-04-05,IMPS
T0516,P039,P010,32483.58,2026-08-01,Bank Transfer
T0517,P002,P069,69194.54,2026-06-12,Bank Transfer
T0518,P140,P128,31645.11,2026-07-13,NEFT
T0519,P083,P119,71032.38,2026-06-12,UPI
T0520,P027,P109,70075.93,2026-06-22,Bank Transfer
T0521,P033,P004,16628.26,2026-02-13,UPI
T0522,P043,P051,44041.33,2025-11-29,UPI
T0523,P010,P109,49770.86,2025-12-07,Bank Transfer
T0524,P036,P141,42105.66,2025-09-16,UPI
T0525,P076,P031,43830.2,2026-05-30,IMPS
T0526,P070,P134,32577.42,2026-01-14,IMPS
T0527,P145,P043,14581.0,2026-02-25,NEFT
T0528,P096,P133,60649.52,2025-11-12,Bank Transfer
T0529,P119,P054,93652.15,2026-03-27,NEFT
T0530,P043,P135,71650.6,2026-01-04,Bank Transfer
T0531,P003,P082,41922.14,2025-12-24,NEFT
T0532,P121,P018,99334.38,2025-10-06,UPI
T0533,P080,P049,20327.13,2026-02-03,UPI
T0534,P138,P118,33438.0,2026-06-21,UPI
T0535,P120,P041,7143.81,2025-11-05,NEFT
T0536,P089,P004,92824.01,2026-08-24,IMPS
T0537,P073,P110,58654.6,2026-02-24,IMPS
T0538,P095,P104,93463.64,2026-07-20,NEFT
T0539,P020,P040,10746.14,2025-11-16,NEFT
T0540,P072,P046,26662.29,2026-06-24,UPI
T0541,P033,P134,58938.05,2026-02-22,Bank Transfer
T0542,P085,P148,77311.88,2025-11-26,IMPS
T0543,P122,P054,17225.89,2025-09-12,NEFT
T0544,P056,P024,92989.94,2025-10-23,NEFT
T0545,P037,P043,47808.67,2026-08-20,UPI
T0546,P083,P020,89647.36,2026-08-26,UPI
T0547,P036,P131,80819.82,2026-03-21,Bank Transfer
T0548,P121,P084,30604.55,2026-01-31,UPI
T0549,P062,P144,39628.04,2026-08-18,Bank Transfer
T0550,P122,P091,31520.3,2026-01-02,IMPS
T0551,P136,P021,88386.92,2025-12-13,NEFT
T0552,P043,P072,71279.09,2025-10-10,Bank Transfer
T0553,P144,P114,49264.3,2026-06-09,IMPS
T0554,P031,P143,90026.33,2026-09-01,IMPS
T0555,P046,P007,86680.77,2025-09-11,Bank Transfer
T0556,P089,P109,21771.11,2026-07-12,NEFT
T0557,P098,P096,18311.06,2026-05-24,UPI
T0558,P051,P114,36418.64,2026-04-27,NEFT
T0559,P002,P080,33180.93,2025-12-02,IMPS
T0560,P065,P129,92195.61,2025-10-10,IMPS
T0561,P009,P071,64346.57,2026-07-06,Bank Transfer
T0562,P012,P065,27780.3,2025-12-11,UPI
T0563,P147,P008,86386.94,2025-11-26,Bank Transfer
T0564,P117,P126,17790.21,2026-02-09,UPI
T0565,P010,P095,3369.28,2026-08-23,NEFT
T0566,P046,P034,8741.05,2025-10-07,UPI
T0567,P015,P114,63929.08,2025-09-23,UPI
T0568,P081,P025,85860.09,2025-10-25,IMPS
T0569,P050,P005,33600.17,2025-12-27,IMPS
T0570,P044,P094,51875.87,2026-06-28,Bank Transfer
T0571,P107,P016,6963.01,2025-10-09,NEFT
T0572,P069,P022,17672.23,2026-05-16,UPI
T0573,P071,P051,69027.31,2026-03-05,Bank Transfer
T0574,P045,P001,31460.87,2026-08-30,IMPS
T0575,P031,P088,46892.1,2026-07-30,UPI
T0576,P145,P119,9272.11,2026-05-05,UPI
T0577,P047,P023,18973.06,2025-09-30,UPI
T0578,P044,P003,22143.82,2026-02-11,IMPS
T0579,P118,P021,87781.24,2026-04-29,NEFT
T0580,P079,P049,74867.14,2026-02-05,NEFT
T0581,P080,P014,38241.39,2025-12-19,IMPS
T0582,P046,P072,14472.39,2025-10-05,IMPS
T0583,P106,P058,83609.89,2026-04-10,IMPS
T0584,P052,P046,97938.18,2026-04-12,IMPS
T0585,P113,P068,9695.0,2026-01-12,IMPS
T0586,P149,P094,35211.49,2026-06-18,Bank Transfer
T0587,P044,P010,94991.68,2026-06-30,Bank Transfer
T0588,P040,P138,57086.77,2025-12-15,Bank Transfer
T0589,P089,P074,21140.97,2026-06-11,IMPS
T0590,P024,P132,77454.2,2025-12-12,IMPS
T0591,P056,P120,26454.17,2026-04-10,UPI
T0592,P133,P048,47783.38,2026-08-09,Bank Transfer
T0593,P083,P096,56595.06,2025-10-31,UPI
T0594,P083,P027,63132.47,2026-01-27,UPI
T0595,P041,P108,47811.84,2026-08-28,IMPS
T0596,P026,P048,91358.31,2026-02-03,IMPS
T0597,P042,P120,54904.42,2026-03-18,UPI
T0598,P113,P117,59560.69,2025-10-01,Bank Transfer
T0599,P103,P122,83492.59,2026-08-18,IMPS
T0600,P096,P087,48514.48,2026-05-20,Bank Transfer
T0601,P077,P011,97091.18,2026-01-12,NEFT
T0602,P130,P028,42388.11,2026-07-29,IMPS
T0603,P148,P103,59511.07,2026-03-06,NEFT
T0604,P132,P043,92274.18,2025-12-02,NEFT
T0605,P146,P036,13424.14,2025-11-24,IMPS
T0606,P014,P024,31272.72,2025-09-03,NEFT
T0607,P089,P118,39901.39,2026-05-01,Bank Transfer
T0608,P001,P038,20440.45,2026-01-25,NEFT
T0609,P078,P079,8497.34,2026-08-01,NEFT
T0610,P053,P112,9471.61,2025-11-30,NEFT
T0611,P040,P143,84644.01,2025-09-05,IMPS
T0612,P002,P123,16353.32,2025-09-27,UPI
T0613,P121,P141,68835.25,2026-04-15,NEFT
T0614,P121,P097,83219.03,2026-08-08,NEFT
T0615,P025,P100,13285.99,2026-02-16,NEFT
T0616,P103,P084,89853.12,2026-08-19,Bank Transfer
T0617,P101,P137,7629.85,2025-10-01,Bank Transfer
T0618,P007,P057,88616.02,2026-05-20,NEFT
T0619,P061,P095,36546.9,2026-06-22,UPI
T0620,P102,P020,64734.94,2026-07-09,NEFT
T0621,P128,P049,4902.67,2026-05-14,IMPS
T0622,P112,P024,34288.87,2025-10-22,NEFT
T0623,P109,P039,28853.93,2026-03-13,Bank Transfer
T0624,P124,P009,26471.44,2025-12-06,Bank Transfer
T0625,P046,P042,40122.51,2026-06-13,UPI
T0626,P120,P022,34955.54,2026-08-07,UPI
T0627,P104,P004,16507.94,2026-07-31,NEFT
T0628,P148,P130,38707.03,2026-01-15,Bank Transfer
T0629,P003,P125,65554.81,2026-06-12,Bank Transfer
T0630,P109,P014,30643.97,2026-03-12,IMPS
T0631,P030,P116,50455.13,2026-08-23,Bank Transfer
T0632,P086,P137,97191.14,2026-04-26,UPI
T0633,P046,P109,53405.31,2025-12-20,Bank Transfer
T0634,P021,P039,1192.19,2026-05-12,IMPS
T0635,P051,P132,81377.09,2026-08-17,Bank Transfer
T0636,P112,P013,46743.94,2026-03-22,UPI
T0637,P032,P126,46294.95,2025-12-24,UPI
T0638,P095,P065,42857.4,2026-02-13,IMPS
T0639,P007,P139,27089.93,2025-09-17,IMPS
T0640,P092,P107,2243.14,2026-05-13,IMPS
T0641,P077,P010,59780.0,2026-07-03,IMPS
T0642,P010,P137,73998.69,2026-08-05,NEFT
T0643,P045,P022,53731.03,2026-06-29,NEFT
T0644,P038,P127,43394.5,2026-06-18,IMPS
T0645,P089,P118,69054.7,2026-06-30,NEFT
T0646,P135,P146,46112.75,2026-05-28,UPI
T0647,P084,P096,4309.59,2026-07-25,UPI
T0648,P098,P132,98036.52,2026-07-23,UPI
T0649,P087,P078,42541.73,2026-04-01,UPI
T0650,P048,P066,72298.6,2026-05-11,UPI
T0651,P111,P030,79467.66,2026-04-22,IMPS
T0652,P078,P132,54146.18,2026-07-25,NEFT
T0653,P013,P096,57546.93,2025-12-08,NEFT
T0654,P112,P071,74813.54,2025-12-09,NEFT
T0655,P071,P129,67308.24,2026-05-19,Bank Transfer
T0656,P047,P073,27631.6,2025-12-05,Bank Transfer
T0657,P054,P005,78314.03,2025-12-29,NEFT
T0658,P071,P069,46512.9,2026-04-05,IMPS
T0659,P025,P057,22870.06,2025-11-11,IMPS
T0660,P057,P017,61332.93,2025-09-20,Bank Transfer
T0661,P108,P085,54375.06,2026-04-19,Bank Transfer
T0662,P143,P004,34623.6,2026-08-08,IMPS
T0663,P089,P114,15601.97,2025-10-24,Bank Transfer
T0664,P054,P137,69923.67,2026-07-31,Bank Transfer
T0665,P066,P104,3710.52,2025-10-23,UPI
T0666,P125,P144,98502.25,2025-10-29,UPI
T0667,P054,P136,37234.55,2025-11-18,IMPS
T0668,P081,P116,67612.89,2026-08-08,UPI
T0669,P040,P150,17090.06,2025-12-12,IMPS
T0670,P145,P111,41831.6,2026-01-30,UPI
T0671,P073,P143,74533.18,2026-08-27,NEFT
T0672,P097,P138,13603.89,2026-01-20,UPI
T0673,P025,P102,22221.39,2026-02-13,UPI
T0674,P147,P075,18272.93,2026-05-04,NEFT
T0675,P103,P141,41147.36,2026-05-28,NEFT
T0676,P108,P072,32280.65,2026-06-19,IMPS
T0677,P028,P082,50479.31,2025-09-16,Bank Transfer
T0678,P058,P104,49735.9,2025-11-14,Bank Transfer
T0679,P074,P116,16118.3,2026-06-11,NEFT
T0680,P103,P074,832.07,2026-03-24,IMPS
T0681,P119,P045,68493.5,2026-07-15,UPI
T0682,P099,P149,65483.87,2026-06-29,Bank Transfer
T0683,P106,P049,63823.48,2026-05-17,NEFT
T0684,P036,P129,99891.53,2026-01-11,Bank Transfer
T0685,P006,P084,61176.34,2026-04-18,NEFT
T0686,P146,P121,68594.12,2026-05-12,IMPS
T0687,P006,P100,55429.71,2026-05-16,NEFT
T0688,P042,P118,37221.9,2026-02-26,NEFT
T0689,P045,P121,93745.52,2026-07-09,NEFT
T0690,P083,P034,29651.7,2026-05-31,UPI
T0691,P053,P148,46387.37,2025-12-08,NEFT
T0692,P114,P062,79776.98,2026-03-19,Bank Transfer
T0693,P129,P029,80466.85,2026-02-24,IMPS
T0694,P041,P063,46490.12,2026-07-07,UPI
T0695,P002,P009,68361.35,2026-03-28,Bank Transfer
T0696,P134,P121,86285.81,2026-05-01,UPI
T0697,P107,P067,88394.03,2026-03-08,UPI
T0698,P137,P007,44132.85,2026-04-30,UPI
T0699,P075,P102,82916.62,2026-08-24,UPI
T0700,P094,P103,71804.15,2025-09-09,Bank Transfer
T0701,P110,P032,10810.49,2025-11-24,IMPS
T0702,P149,P029,72338.42,2026-05-30,IMPS
T0703,P106,P087,14624.03,2025-12-05,NEFT
T0704,P124,P054,26818.52,2025-10-25,IMPS
T0705,P019,P118,89969.93,2025-12-04,Bank Transfer
T0706,P063,P067,34573.07,2026-07-17,Bank Transfer
T0707,P085,P116,70106.39,2026-06-19,IMPS
T0708,P010,P036,15228.39,2026-04-03,IMPS
T0709,P007,P057,88076.97,2025-11-23,IMPS
T0710,P075,P079,94506.8,2026-07-16,NEFT
T0711,P146,P079,47790.84,2026-03-12,Bank Transfer
T0712,P076,P040,74501.45,2026-09-02,NEFT
T0713,P038,P075,85985.19,2026-07-18,IMPS
T0714,P059,P008,85166.46,2026-02-18,IMPS
T0715,P038,P150,1700.64,2026-08-20,IMPS
T0716,P131,P133,40881.54,2025-09-18,NEFT
T0717,P089,P040,58919.97,2025-10-13,IMPS
T0718,P134,P096,38108.88,2025-11-22,Bank Transfer
T0719,P044,P135,48464.22,2026-02-06,Bank Transfer
T0720,P098,P004,67040.11,2025-10-07,UPI
T0721,P088,P058,31276.17,2025-10-27,NEFT
T0722,P039,P072,61059.8,2026-06-20,UPI
T0723,P051,P092,50129.63,2026-02-27,UPI
T0724,P135,P059,74267.1,2025-10-27,IMPS
T0725,P009,P103,62827.0,2026-08-12,IMPS
T0726,P130,P018,27511.62,2026-03-19,UPI
T0727,P015,P115,56886.87,2025-12-08,NEFT
T0728,P063,P066,79828.35,2026-06-09,NEFT
T0729,P063,P059,69118.93,2026-02-11,Bank Transfer
T0730,P046,P011,97948.06,2026-05-21,IMPS
T0731,P142,P072,9590.24,2026-01-03,NEFT
T0732,P017,P034,52494.49,2026-08-13,UPI
T0733,P054,P059,24772.09,2025-12-23,Bank Transfer
T0734,P119,P026,53924.9,2025-09-21,UPI
T0735,P082,P019,20044.37,2026-01-16,UPI
T0736,P114,P022,47865.56,2026-07-03,UPI
T0737,P139,P056,60030.23,2026-01-03,IMPS
T0738,P146,P003,58380.5,2025-12-28,UPI
T0739,P114,P050,59099.29,2026-08-25,Bank Transfer
T0740,P001,P065,75578.74,2026-08-29,IMPS
T0741,P127,P046,33199.62,2026-01-08,Bank Transfer
T0742,P132,P073,95167.85,2026-08-18,IMPS
T0743,P068,P137,25277.69,2026-01-18,IMPS
T0744,P144,P129,31226.0,2025-12-18,Bank Transfer
T0745,P029,P047,49014.25,2025-10-19,IMPS
T0746,P131,P121,49830.9,2026-08-25,NEFT
T0747,P017,P111,67461.13,2025-12-08,UPI
T0748,P114,P088,63969.36,2025-09-14,NEFT
T0749,P050,P028,76403.84,2025-09-14,NEFT
T0750,P079,P129,30885.69,2026-08-15,Bank Transfer
T0751,P027,P077,92791.37,2026-07-26,NEFT
T0752,P147,P040,32714.66,2026-01-06,NEFT
T0753,P102,P044,85309.55,2026-01-02,NEFT
T0754,P084,P133,98124.86,2025-12-04,Bank Transfer
T0755,P069,P059,93317.93,2026-07-14,Bank Transfer
T0756,P078,P095,14926.16,2026-03-04,IMPS
T0757,P091,P081,45245.93,2026-03-14,Bank Transfer
T0758,P145,P101,76388.18,2025-11-21,UPI
T0759,P104,P015,96883.66,2026-01-24,IMPS
T0760,P036,P117,76821.34,2026-02-03,UPI
T0761,P052,P054,66374.44,2025-12-09,IMPS
T0762,P076,P096,2856.06,2025-09-21,Bank Transfer
T0763,P098,P084,56027.78,2026-07-07,NEFT
T0764,P056,P129,44290.26,2026-04-15,IMPS
T0765,P028,P020,24692.21,2026-03-20,IMPS
T0766,P123,P121,95228.51,2026-08-29,UPI
T0767,P100,P125,25359.69,2025-09-23,Bank Transfer
T0768,P016,P026,6083.4,2026-07-11,IMPS
T0769,P071,P138,37260.16,2025-10-14,IMPS
T0770,P029,P121,13861.33,2025-10-17,UPI
T0771,P084,P106,82518.91,2026-05-03,NEFT
T0772,P077,P147,20399.43,2025-11-03,UPI
T0773,P113,P063,33120.29,2026-01-11,IMPS
T0774,P143,P136,81822.34,2026-01-30,UPI
T0775,P036,P018,87137.17,2026-01-08,IMPS
T0776,P093,P115,74853.68,2026-04-07,NEFT
T0777,P048,P083,47098.48,2026-04-27,Bank Transfer
T0778,P093,P086,20299.03,2026-04-17,IMPS
T0779,P066,P006,14456.86,2025-12-09,Bank Transfer
T0780,P110,P102,80703.45,2026-02-28,UPI
T0781,P136,P016,91341.73,2025-12-01,IMPS
T0782,P005,P145,44002.09,2026-04-30,UPI
T0783,P130,P084,79118.68,2026-01-29,Bank Transfer
T0784,P073,P148,33708.38,2026-05-24,UPI
T0785,P020,P145,9668.28,2026-03-14,UPI
T0786,P137,P041,79959.8,2026-01-22,UPI
T0787,P147,P120,61198.13,2026-05-06,NEFT
T0788,P019,P111,81866.7,2026-06-20,Bank Transfer
T0789,P116,P039,65219.15,2025-12-23,UPI
T0790,P047,P148,34311.07,2026-01-27,Bank Transfer
T0791,P006,P103,57686.42,2026-01-31,UPI
T0792,P100,P005,1349.52,2025-11-13,IMPS
T0793,P110,P039,26255.87,2026-05-02,NEFT
T0794,P150,P084,53470.25,2026-08-17,NEFT
T0795,P148,P091,89377.73,2026-05-19,NEFT
T0796,P049,P038,21011.35,2026-04-25,NEFT
T0797,P026,P007,53575.49,2026-06-07,UPI
T0798,P033,P139,35177.7,2026-07-06,UPI
T0799,P084,P081,92882.32,2026-07-31,NEFT
T0800,P052,P078,16747.25,2025-09-23,IMPS
T0801,P060,P056,77348.36,2025-12-22,UPI
T0802,P036,P113,12749.45,2026-07-18,Bank Transfer
T0803,P007,P114,86819.51,2026-03-03,NEFT
T0804,P098,P013,44957.83,2026-01-19,Bank Transfer
T0805,P051,P053,77212.88,2025-10-20,UPI
T0806,P024,P045,50916.98,2026-01-04,UPI
T0807,P042,P054,12475.65,2026-04-24,Bank Transfer
T0808,P092,P082,41805.22,2026-02-25,NEFT
T0809,P024,P130,36305.92,2026-06-22,IMPS
T0810,P131,P029,94517.24,2025-11-08,UPI
T0811,P002,P098,80439.46,2026-07-17,Bank Transfer
T0812,P026,P091,36359.05,2025-11-06,IMPS
T0813,P017,P112,94621.09,2026-03-16,IMPS
T0814,P059,P022,65218.05,2026-04-13,Bank Transfer
T0815,P121,P005,95155.26,2025-11-25,IMPS
T0816,P083,P012,14503.21,2026-07-15,NEFT
T0817,P046,P145,1422.76,2026-04-26,NEFT
T0818,P036,P121,76347.64,2025-11-26,UPI
T0819,P054,P076,37484.55,2026-08-27,Bank Transfer
T0820,P041,P108,17655.79,2025-11-23,NEFT
T0821,P047,P094,87968.2,2026-03-17,UPI
T0822,P042,P008,50006.76,2025-10-16,IMPS
T0823,P104,P096,90943.59,2026-05-16,IMPS
T0824,P083,P008,78435.26,2026-06-13,IMPS
T0825,P008,P121,3905.17,2026-01-12,NEFT
T0826,P105,P012,54177.75,2026-06-06,NEFT
T0827,P041,P026,1986.38,2026-03-19,NEFT
T0828,P024,P108,98825.06,2026-03-26,UPI
T0829,P122,P119,98345.19,2026-07-30,Bank Transfer
T0830,P035,P001,31487.37,2025-10-07,Bank Transfer
T0831,P066,P033,32626.21,2026-07-28,IMPS
T0832,P025,P123,49533.77,2026-03-14,NEFT
T0833,P033,P057,51716.04,2025-11-30,NEFT
T0834,P058,P022,74446.93,2026-06-07,Bank Transfer
T0835,P073,P027,25352.99,2025-09-10,IMPS
T0836,P048,P078,33198.26,2025-12-07,Bank Transfer
T0837,P134,P133,57928.13,2026-07-01,IMPS
T0838,P034,P084,42491.08,2026-07-18,NEFT
T0839,P149,P009,74919.63,2025-09-18,Bank Transfer
T0840,P013,P051,97963.3,2026-03-30,UPI
T0841,P037,P009,83620.22,2025-11-14,NEFT
T0842,P042,P102,32591.97,2026-08-28,Bank Transfer
T0843,P124,P089,19180.95,2025-09-08,Bank Transfer
T0844,P116,P055,45592.76,2026-04-19,IMPS
T0845,P140,P113,12223.0,2026-06-25,IMPS
T0846,P132,P087,34056.83,2025-10-25,NEFT
T0847,P066,P088,80795.36,2026-07-24,Bank Transfer
T0848,P141,P117,66493.18,2026-08-23,IMPS
T0849,P133,P068,6780.22,2025-10-19,IMPS
T0850,P110,P007,96492.98,2026-04-17,NEFT
T0851,P025,P059,97521.24,2026-02-07,UPI
T0852,P031,P141,71413.19,2026-07-03,NEFT
T0853,P089,P079,45530.2,2026-01-25,UPI
T0854,P130,P047,40057.03,2026-02-23,NEFT
T0855,P037,P057,77703.18,2026-04-20,NEFT
T0856,P091,P135,60293.16,2026-03-18,NEFT
T0857,P145,P136,52742.0,2025-11-03,IMPS
T0858,P139,P059,69522.63,2026-03-04,NEFT
T0859,P096,P041,10463.74,2026-03-09,NEFT
T0860,P058,P039,54311.75,2026-07-11,Bank Transfer
T0861,P052,P072,5366.76,2026-02-10,Bank Transfer
T0862,P076,P100,90145.18,2026-03-05,Bank Transfer
T0863,P122,P120,32531.17,2026-05-15,IMPS
T0864,P001,P020,25507.26,2026-04-30,IMPS
T0865,P054,P018,6392.61,2026-06-26,Bank Transfer
T0866,P036,P037,48352.75,2026-08-24,NEFT
T0867,P063,P101,78738.13,2026-04-24,Bank Transfer
T0868,P101,P050,25233.04,2025-12-05,IMPS
T0869,P019,P058,96354.06,2025-10-01,IMPS
T0870,P036,P103,12785.41,2025-09-15,NEFT
T0871,P053,P114,14669.64,2026-01-21,IMPS
T0872,P084,P003,63857.28,2025-11-13,IMPS
T0873,P135,P027,77279.97,2025-11-02,Bank Transfer
T0874,P060,P113,30232.81,2025-11-24,UPI
T0875,P139,P117,15790.82,2025-09-16,IMPS
T0876,P070,P011,38459.42,2025-11-13,IMPS
T0877,P029,P120,42878.1,2025-11-06,NEFT
T0878,P125,P075,22851.02,2025-09-22,UPI
T0879,P023,P093,24508.61,2026-08-12,Bank Transfer
T0880,P111,P108,6136.93,2026-07-23,UPI
T0881,P072,P071,90520.77,2026-01-25,IMPS
T0882,P108,P065,98317.12,2026-05-30,UPI
T0883,P004,P026,71453.01,2026-04-17,Bank Transfer
T0884,P063,P150,49750.12,2025-11-24,Bank Transfer
T0885,P069,P027,99731.6,2026-08-02,Bank Transfer
T0886,P144,P145,37894.32,2025-09-19,Bank Transfer
T0887,P011,P028,59239.13,2025-09-27,UPI
T0888,P148,P025,12188.6,2025-09-08,NEFT
T0889,P093,P149,67424.63,2026-05-12,Bank Transfer
T0890,P101,P011,35056.79,2025-09-21,Bank Transfer
T0891,P118,P147,86409.42,2026-07-09,UPI
T0892,P103,P111,67072.3,2026-08-26,UPI
T0893,P056,P146,18483.4,2025-12-04,IMPS
T0894,P026,P075,92106.63,2026-01-05,UPI
T0895,P117,P065,36179.6,2026-02-03,IMPS
T0896,P091,P064,28024.93,2025-10-28,UPI
T0897,P084,P118,70060.89,2026-01-17,IMPS
T0898,P042,P054,56068.54,2026-06-17,IMPS
T0899,P103,P090,78206.34,2025-09-29,NEFT
T0900,P128,P023,33709.45,2026-07-30,NEFT
T0901,P082,P079,10579.17,2026-01-07,UPI
T0902,P104,P081,62369.07,2025-12-29,NEFT
T0903,P098,P052,26835.7,2026-03-24,Bank Transfer
T0904,P090,P087,80686.8,2026-03-07,IMPS
T0905,P041,P044,32614.6,2026-03-27,UPI
T0906,P049,P149,31397.49,2026-02-14,IMPS
T0907,P144,P138,18201.86,2026-05-06,UPI
T0908,P051,P024,9508.95,2025-09-04,Bank Transfer
T0909,P068,P038,71730.87,2026-06-15,IMPS
T0910,P102,P035,92165.2,2026-02-06,UPI
T0911,P076,P146,97089.15,2025-10-07,IMPS
T0912,P058,P114,82700.34,2026-08-20,NEFT
T0913,P141,P040,66918.37,2026-03-04,IMPS
T0914,P007,P127,22834.63,2025-09-06,NEFT
T0915,P063,P058,44315.41,2025-11-16,NEFT
T0916,P038,P004,30030.92,2026-04-04,UPI
T0917,P124,P113,41745.32,2026-04-12,NEFT
T0918,P106,P048,84866.53,2026-04-25,Bank Transfer
T0919,P148,P100,74805.88,2026-04-17,IMPS
T0920,P068,P111,37337.74,2026-08-31,NEFT
T0921,P082,P139,36028.88,2026-07-08,NEFT
T0922,P083,P064,79657.93,2025-10-01,NEFT
T0923,P025,P130,70981.21,2026-02-06,IMPS
T0924,P027,P059,72150.57,2026-06-29,NEFT
T0925,P120,P069,57638.79,2025-09-08,UPI
T0926,P118,P113,49964.73,2026-04-12,Bank Transfer
T0927,P017,P044,2700.46,2026-03-16,Bank Transfer
T0928,P144,P015,89636.24,2026-03-23,Bank Transfer
T0929,P038,P017,68359.7,2025-12-24,UPI
T0930,P071,P146,25575.2,2026-05-29,UPI
T0931,P126,P111,70569.67,2026-02-08,NEFT
T0932,P102,P056,66349.18,2025-11-25,IMPS
T0933,P138,P078,33388.06,2025-12-22,Bank Transfer
T0934,P037,P139,98027.77,2025-09-27,IMPS
T0935,P002,P014,71355.31,2025-12-04,IMPS
T0936,P031,P019,61578.12,2026-07-26,Bank Transfer
T0937,P042,P050,25255.55,2025-12-13,NEFT
T0938,P047,P008,65116.0,2026-08-15,Bank Transfer
T0939,P031,P085,9366.02,2026-06-13,Bank Transfer
T0940,P147,P100,80588.94,2026-01-17,Bank Transfer
T0941,P122,P036,84802.92,2026-08-21,NEFT
T0942,P025,P080,35838.12,2026-05-28,Bank Transfer
T0943,P065,P128,9528.08,2025-11-06,IMPS
T0944,P103,P052,23050.7,2026-05-23,UPI
T0945,P087,P116,75305.63,2026-04-09,IMPS
T0946,P006,P016,98210.01,2025-11-10,UPI
T0947,P096,P025,17267.05,2026-08-09,UPI
T0948,P002,P084,38782.98,2025-12-17,UPI
T0949,P146,P145,37796.18,2026-01-26,UPI
T0950,P045,P049,63829.94,2026-04-03,Bank Transfer
T0951,P047,P138,22228.2,2026-08-20,IMPS
T0952,P025,P040,60171.97,2026-08-29,NEFT
T0953,P113,P046,50979.21,2025-10-10,Bank Transfer
T0954,P008,P010,93561.66,2025-09-15,UPI
T0955,P080,P075,11223.6,2025-09-22,NEFT
T0956,P133,P043,90072.94,2025-11-17,Bank Transfer
T0957,P050,P040,99735.52,2026-07-16,IMPS
T0958,P117,P141,83261.13,2025-12-19,Bank Transfer
T0959,P030,P142,7013.63,2026-06-03,NEFT
T0960,P094,P037,24325.41,2026-02-27,Bank Transfer
T0961,P049,P104,4638.24,2025-11-15,UPI
T0962,P123,P026,84853.53,2026-05-23,UPI
T0963,P083,P135,56518.17,2026-02-21,Bank Transfer
T0964,P140,P052,28614.88,2025-12-09,NEFT
T0965,P115,P051,29649.44,2026-04-20,Bank Transfer
T0966,P104,P112,38018.16,2025-09-20,Bank Transfer
T0967,P007,P126,10879.69,2026-06-05,Bank Transfer
T0968,P100,P079,50012.65,2025-11-05,IMPS
T0969,P015,P136,83210.09,2026-01-19,NEFT
T0970,P023,P079,89263.21,2025-12-28,NEFT
T0971,P081,P013,53662.07,2026-02-09,UPI
T0972,P078,P099,19229.78,2026-07-12,UPI
T0973,P112,P131,52636.45,2026-04-21,NEFT
T0974,P131,P095,68272.77,2026-01-03,UPI
T0975,P055,P026,45994.76,2025-11-10,NEFT
T0976,P057,P082,7759.87,2026-02-23,NEFT
T0977,P127,P053,57328.96,2025-12-01,UPI
T0978,P012,P098,20999.97,2025-10-24,UPI
T0979,P075,P002,90487.38,2026-08-26,IMPS
T0980,P046,P100,82743.94,2025-11-30,IMPS
T0981,P103,P012,16014.93,2026-07-02,NEFT
T0982,P067,P109,68199.37,2026-06-11,IMPS
T0983,P053,P070,41215.74,2026-08-18,UPI
T0984,P107,P106,38024.61,2026-03-26,NEFT
T0985,P125,P065,60212.9,2026-02-09,Bank Transfer
T0986,P011,P115,13324.38,2026-04-26,NEFT
T0987,P019,P030,11970.2,2026-01-06,Bank Transfer
T0988,P018,P047,53925.5,2025-10-14,NEFT
T0989,P066,P102,28838.28,2025-11-20,IMPS
T0990,P073,P146,26519.17,2026-04-27,UPI
T0991,P102,P052,95045.8,2025-09-08,Bank Transfer
T0992,P052,P033,52063.44,2026-01-22,UPI
T0993,P121,P123,11379.72,2025-12-11,NEFT
T0994,P010,P100,18855.59,2025-11-15,UPI
T0995,P062,P112,61724.42,2026-07-12,Bank Transfer
T0996,P037,P114,59901.65,2025-12-29,UPI
T0997,P129,P049,76970.65,2025-10-30,IMPS
T0998,P012,P146,1914.01,2026-03-03,NEFT
T0999,P088,P065,92223.06,2025-12-22,IMPS
T1000,P119,P052,90205.5,2025-12-04,UPI
T1001,P101,P098,15733.2,2025-10-07,IMPS
T1002,P130,P017,22910.94,2026-06-06,NEFT
T1003,P086,P113,3018.31,2025-12-12,Bank Transfer
T1004,P018,P063,60365.18,2025-11-24,IMPS
T1005,P143,P042,14764.66,2026-01-09,IMPS
T1006,P015,P029,68633.9,2026-08-17,Bank Transfer
T1007,P133,P137,2237.45,2026-08-10,NEFT
T1008,P083,P095,4323.79,2026-01-21,UPI
T1009,P060,P002,38430.73,2026-08-13,UPI
T1010,P100,P146,12404.39,2026-06-24,NEFT
T1011,P010,P145,54785.46,2026-07-02,UPI
T1012,P122,P147,64656.62,2026-05-08,IMPS
T1013,P100,P116,91068.99,2026-06-19,NEFT
T1014,P126,P065,34842.05,2025-11-17,Bank Transfer
T1015,P123,P040,45695.21,2026-07-04,IMPS
T1016,P058,P037,29042.92,2025-12-25,NEFT
T1017,P100,P066,88252.78,2025-11-20,IMPS
T1018,P006,P111,80642.32,2026-01-06,NEFT
T1019,P011,P118,41331.96,2026-08-07,NEFT
T1020,P103,P033,84093.47,2026-04-22,IMPS
T1021,P054,P104,42403.5,2025-10-21,Bank Transfer
T1022,P118,P116,44667.34,2026-01-21,Bank Transfer
T1023,P119,P094,34111.23,2025-10-29,Bank Transfer
T1024,P035,P136,20988.55,2026-05-12,NEFT
T1025,P049,P146,19862.89,2025-11-20,IMPS
T1026,P119,P141,86312.65,2026-08-13,Bank Transfer
T1027,P096,P079,21744.61,2026-03-22,NEFT
T1028,P121,P028,54511.46,2026-01-06,Bank Transfer
T1029,P077,P106,5563.13,2026-02-01,NEFT
T1030,P087,P142,89047.5,2026-03-31,Bank Transfer
T1031,P133,P111,18441.37,2026-05-14,Bank Transfer
T1032,P007,P053,38904.08,2026-06-04,NEFT
T1033,P070,P145,77039.38,2026-06-06,Bank Transfer
T1034,P148,P051,15492.98,2026-02-17,IMPS
T1035,P120,P063,86868.99,2026-04-11,NEFT
T1036,P125,P081,61230.63,2026-09-01,UPI
T1037,P025,P017,9032.13,2026-07-05,UPI
T1038,P014,P085,85333.79,2025-12-12,IMPS
T1039,P092,P052,74486.64,2025-10-26,NEFT
T1040,P079,P017,36612.54,2026-06-22,IMPS
T1041,P150,P115,47771.19,2026-02-24,NEFT
T1042,P075,P078,10599.2,2026-07-11,NEFT
T1043,P039,P042,41810.99,2026-06-08,Bank Transfer
T1044,P041,P144,55455.96,2025-11-06,Bank Transfer
T1045,P072,P064,97624.41,2026-03-16,NEFT
T1046,P114,P025,75689.51,2026-07-10,NEFT
T1047,P098,P122,38247.29,2025-11-02,NEFT
T1048,P006,P093,93128.75,2026-03-20,NEFT
T1049,P115,P006,97044.52,2026-07-25,IMPS
T1050,P087,P022,88705.83,2026-06-09,UPI
T1051,P046,P035,62591.09,2025-12-28,Bank Transfer
T1052,P039,P029,99293.23,2026-02-07,NEFT
T1053,P083,P075,71285.11,2026-07-25,UPI
T1054,P091,P127,2087.58,2025-10-26,Bank Transfer
T1055,P044,P094,85199.66,2026-03-03,NEFT
T1056,P132,P072,98212.62,2025-12-17,UPI
T1057,P126,P082,90628.76,2026-02-21,UPI
T1058,P062,P079,26679.78,2026-06-19,Bank Transfer
T1059,P087,P011,27647.24,2025-09-07,Bank Transfer
T1060,P021,P086,55351.77,2025-11-24,NEFT
T1061,P003,P147,2411.61,2026-05-07,Bank Transfer
T1062,P052,P121,38311.68,2026-08-10,UPI
T1063,P070,P097,33895.67,2025-10-10,Bank Transfer
T1064,P105,P088,13667.84,2025-12-22,IMPS
T1065,P067,P142,19693.89,2026-06-12,IMPS
T1066,P069,P022,91379.06,2026-07-13,UPI
T1067,P082,P131,89634.0,2026-02-21,UPI
T1068,P033,P028,24674.62,2026-06-14,NEFT
T1069,P096,P017,15823.61,2026-06-23,NEFT
T1070,P023,P020,1459.7,2026-03-30,UPI
T1071,P088,P019,16046.26,2026-08-24,Bank Transfer
T1072,P085,P028,61450.24,2026-01-09,UPI
T1073,P036,P052,91841.22,2026-04-14,UPI
T1074,P048,P024,71966.31,2026-04-25,UPI
T1075,P001,P111,79263.48,2025-09-07,NEFT
T1076,P054,P013,71839.43,2026-02-16,Bank Transfer
T1077,P083,P136,19667.54,2026-04-08,NEFT
T1078,P127,P048,47186.44,2026-06-25,UPI
T1079,P114,P048,51004.65,2025-12-20,UPI
T1080,P046,P051,26694.53,2025-10-01,NEFT
T1081,P032,P020,19225.75,2026-01-23,IMPS
T1082,P059,P042,39769.46,2025-11-01,IMPS
T1083,P106,P130,64239.2,2026-03-04,NEFT
T1084,P110,P065,82534.62,2026-07-30,NEFT
T1085,P136,P002,65656.8,2026-05-15,IMPS
T1086,P073,P042,6933.01,2026-05-09,UPI
T1087,P127,P089,90318.0,2025-09-16,UPI
T1088,P111,P021,67566.49,2025-09-25,Bank Transfer
T1089,P004,P023,32180.61,2026-03-25,IMPS
T1090,P017,P146,26612.51,2026-02-06,IMPS
T1091,P116,P092,74348.17,2026-03-21,Bank Transfer
T1092,P095,P128,30374.59,2026-01-22,Bank Transfer
T1093,P081,P140,99910.19,2025-10-14,NEFT
T1094,P059,P044,4748.6,2026-04-01,IMPS
T1095,P105,P120,88057.48,2025-10-18,IMPS
T1096,P104,P119,86933.89,2026-05-15,Bank Transfer
T1097,P116,P040,14637.25,2026-06-21,Bank Transfer
T1098,P108,P007,87399.5,2026-04-06,IMPS
T1099,P098,P039,40242.12,2026-06-30,UPI
T1100,P112,P045,15528.35,2026-01-14,NEFT
T1101,P056,P025,2130.74,2026-07-03,Bank Transfer
T1102,P039,P070,34062.86,2026-03-08,UPI
T1103,P128,P101,16252.48,2026-04-01,IMPS
T1104,P059,P049,48910.21,2026-03-20,Bank Transfer
T1105,P111,P112,94759.42,2026-04-05,NEFT
T1106,P125,P016,35660.26,2025-12-03,UPI
T1107,P018,P083,70749.4,2025-11-09,IMPS
T1108,P037,P061,52116.89,2026-03-07,Bank Transfer
T1109,P056,P107,49305.43,2026-01-07,IMPS
T1110,P041,P087,63230.67,2026-01-10,Bank Transfer
T1111,P032,P034,53198.85,2026-08-10,IMPS
T1112,P096,P033,37271.97,2026-01-05,Bank Transfer
T1113,P017,P005,44984.28,2026-06-13,Bank Transfer
T1114,P064,P054,94485.39,2026-03-13,NEFT
T1115,P081,P122,78787.21,2025-11-29,IMPS
T1116,P148,P085,69983.79,2026-02-27,NEFT
T1117,P083,P147,97128.0,2025-10-10,NEFT
T1118,P061,P064,49114.5,2026-08-15,Bank Transfer
T1119,P005,P081,51340.57,2025-11-18,UPI
T1120,P099,P038,62548.9,2026-05-10,UPI
T1121,P136,P126,46537.58,2025-10-24,IMPS
T1122,P018,P116,39262.86,2026-06-23,NEFT
T1123,P071,P037,36696.35,2026-07-13,UPI
T1124,P122,P064,22721.67,2026-03-20,UPI
T1125,P084,P092,82571.26,2026-04-30,Bank Transfer
T1126,P144,P038,78476.58,2025-09-10,IMPS
T1127,P125,P081,60674.72,2026-07-13,NEFT
T1128,P049,P031,29914.15,2025-09-17,UPI
T1129,P050,P135,79985.43,2026-08-03,IMPS
T1130,P064,P097,42587.64,2026-08-26,UPI
T1131,P077,P067,20821.88,2025-10-21,IMPS
T1132,P007,P008,65337.68,2025-10-27,Bank Transfer
T1133,P021,P095,46761.48,2026-06-06,NEFT
T1134,P115,P098,55748.8,2026-02-01,Bank Transfer
T1135,P081,P028,93721.85,2026-04-16,Bank Transfer
T1136,P071,P051,70776.52,2026-08-31,Bank Transfer
T1137,P073,P042,58854.79,2026-01-28,IMPS
T1138,P005,P032,5716.14,2026-05-28,IMPS
T1139,P142,P123,37197.79,2026-03-02,IMPS
T1140,P097,P141,3033.79,2026-07-16,Bank Transfer
T1141,P083,P102,18210.84,2026-01-05,UPI
T1142,P073,P083,56778.88,2025-12-01,UPI
T1143,P131,P015,72416.28,2026-08-28,NEFT
T1144,P128,P017,92731.4,2026-03-06,NEFT
T1145,P039,P027,52516.67,2025-12-18,NEFT
T1146,P024,P093,97245.78,2025-11-16,IMPS
T1147,P021,P106,34685.52,2025-12-01,UPI
T1148,P127,P103,54738.58,2026-05-19,Bank Transfer
T1149,P102,P040,55035.7,2026-06-21,UPI
T1150,P054,P115,16326.52,2026-06-13,IMPS
T1151,P059,P062,6123.16,2026-06-12,UPI
T1152,P014,P058,48129.98,2026-04-14,UPI
T1153,P057,P060,95021.62,2025-12-20,NEFT
T1154,P129,P082,32633.55,2026-07-11,Bank Transfer
T1155,P005,P131,76670.9,2025-12-04,Bank Transfer
T1156,P007,P107,55228.09,2026-05-27,UPI
T1157,P052,P010,21279.24,2025-11-29,Bank Transfer
T1158,P002,P090,70331.51,2026-06-23,IMPS
T1159,P131,P043,40019.56,2026-08-10,NEFT
T1160,P138,P002,91562.47,2026-04-21,IMPS
T1161,P069,P143,37742.91,2026-06-27,Bank Transfer
T1162,P041,P052,75540.06,2026-06-27,IMPS
T1163,P086,P051,33042.28,2026-03-02,IMPS
T1164,P101,P031,65221.03,2025-11-28,Bank Transfer
T1165,P008,P115,60535.1,2026-06-10,Bank Transfer
T1166,P053,P048,11713.0,2026-06-26,Bank Transfer
T1167,P028,P053,20414.19,2025-09-11,IMPS
T1168,P055,P078,36413.36,2025-12-13,UPI
T1169,P059,P146,89075.55,2026-04-21,IMPS
T1170,P056,P131,2869.35,2025-12-10,UPI
T1171,P056,P047,86105.62,2025-10-22,NEFT
T1172,P128,P100,72136.94,2025-12-24,Bank Transfer
T1173,P101,P043,92121.49,2026-03-06,Bank Transfer
T1174,P144,P074,79602.82,2025-09-17,NEFT
T1175,P020,P028,88499.03,2026-06-06,UPI
T1176,P013,P003,94705.32,2026-03-20,UPI
T1177,P078,P114,38451.38,2025-09-21,NEFT
T1178,P025,P014,37120.95,2026-08-02,NEFT
T1179,P109,P096,8071.9,2025-09-09,Bank Transfer
T1180,P006,P077,77159.15,2026-03-01,UPI
T1181,P078,P037,26641.2,2025-09-06,NEFT
T1182,P031,P008,88088.91,2026-08-23,Bank Transfer
T1183,P045,P004,11702.38,2026-03-31,NEFT
T1184,P117,P149,69644.4,2025-09-19,IMPS
T1185,P070,P006,70436.23,2026-04-23,Bank Transfer
T1186,P017,P040,21939.82,2026-01-21,Bank Transfer
T1187,P097,P008,4197.54,2026-05-07,Bank Transfer
T1188,P120,P106,17914.78,2026-08-25,UPI
T1189,P148,P012,65832.7,2026-07-17,IMPS
T1190,P073,P123,20668.51,2026-07-16,IMPS
T1191,P007,P070,96337.37,2025-11-04,NEFT
T1192,P061,P115,81130.22,2026-02-20,UPI
T1193,P145,P112,56114.97,2026-01-08,Bank Transfer
T1194,P060,P013,29008.45,2025-11-08,UPI
T1195,P095,P117,82161.06,2026-06-18,NEFT
T1196,P096,P142,54306.32,2026-08-11,IMPS
T1197,P089,P105,17809.29,2025-09-23,Bank Transfer
T1198,P096,P120,98359.52,2026-03-03,IMPS
T1199,P038,P127,67733.21,2026-03-28,Bank Transfer
T1200,P093,P111,9101.33,2026-06-11,IMPS
T1201,P036,P086,92509.55,2026-05-27,Bank Transfer
T1202,P116,P139,86249.1,2026-04-25,NEFT
T1203,P011,P088,50882.11,2026-04-05,NEFT
T1204,P088,P139,63453.4,2026-03-07,NEFT
T1205,P147,P036,97734.58,2026-06-11,NEFT
T1206,P102,P021,82432.62,2025-09-27,UPI
T1207,P129,P140,4676.85,2026-07-08,UPI
T1208,P148,P002,25844.36,2026-05-10,NEFT
T1209,P059,P086,49173.41,2026-02-05,IMPS
T1210,P096,P141,93724.34,2026-05-13,Bank Transfer
T1211,P057,P148,35437.87,2026-03-10,Bank Transfer
T1212,P028,P058,64226.7,2026-03-24,Bank Transfer
T1213,P040,P049,71762.09,2026-01-06,UPI
T1214,P127,P037,91626.45,2026-03-14,IMPS
T1215,P062,P104,30634.33,2026-07-26,NEFT
T1216,P139,P025,95179.28,2025-11-19,NEFT
T1217,P007,P005,3594.2,2026-08-07,UPI
T1218,P054,P048,82851.83,2025-11-19,UPI
T1219,P018,P065,45533.64,2025-09-14,UPI
T1220,P109,P092,66327.71,2025-10-31,UPI
T1221,P077,P088,39080.86,2025-09-20,NEFT
T1222,P078,P110,62116.15,2026-09-02,Bank Transfer
T1223,P011,P126,97712.84,2025-11-08,Bank Transfer
T1224,P082,P090,3588.51,2026-06-28,Bank Transfer
T1225,P099,P138,77093.85,2026-03-27,Bank Transfer
T1226,P090,P126,99466.51,2026-04-14,Bank Transfer
T1227,P010,P125,76025.42,2025-11-23,UPI
T1228,P122,P065,54601.63,2026-06-09,UPI
T1229,P063,P025,45741.28,2026-02-07,IMPS
T1230,P062,P121,3917.04,2026-03-13,IMPS
T1231,P142,P116,22047.26,2026-02-01,Bank Transfer
T1232,P025,P003,68540.47,2026-02-12,UPI
T1233,P130,P114,7375.41,2026-05-10,NEFT
T1234,P119,P071,69864.54,2026-05-29,Bank Transfer
T1235,P138,P013,25693.83,2026-07-26,UPI
T1236,P133,P126,17804.91,2026-01-25,Bank Transfer
T1237,P076,P042,4461.74,2026-06-13,IMPS
T1238,P110,P029,68837.33,2026-06-15,UPI
T1239,P051,P124,48881.62,2026-05-26,UPI
T1240,P100,P046,77360.04,2026-01-19,UPI
T1241,P078,P047,22730.55,2026-01-13,Bank Transfer
T1242,P059,P114,80937.64,2025-10-21,UPI
T1243,P026,P043,14350.93,2026-07-31,UPI
T1244,P113,P128,36984.23,2026-02-21,Bank Transfer
T1245,P006,P135,89820.1,2026-07-31,IMPS
T1246,P140,P028,42153.15,2025-10-23,UPI
T1247,P072,P112,55949.52,2026-02-01,Bank Transfer
T1248,P018,P017,9180.67,2025-09-24,IMPS
T1249,P122,P103,50957.8,2026-05-25,NEFT
T1250,P036,P031,2898.87,2026-06-23,UPI
T1251,P147,P048,66631.77,2025-12-18,Bank Transfer
T1252,P140,P096,55958.16,2026-04-09,Bank Transfer
T1253,P018,P048,58420.99,2025-12-28,UPI
T1254,P144,P011,23608.71,2026-07-08,NEFT
T1255,P077,P035,74790.89,2026-03-05,Bank Transfer
T1256,P003,P096,6469.4,2025-11-10,UPI
T1257,P029,P135,66758.16,2026-04-30,UPI
T1258,P078,P036,32293.16,2025-10-18,NEFT
T1259,P123,P055,19272.37,2025-09-19,Bank Transfer
T1260,P123,P055,10355.18,2025-12-16,Bank Transfer
T1261,P142,P139,85939.93,2026-03-27,UPI
T1262,P038,P033,85855.64,2026-02-19,NEFT
T1263,P018,P123,51581.77,2026-05-24,UPI
T1264,P145,P043,25083.25,2026-06-24,Bank Transfer
T1265,P093,P058,82883.58,2025-12-24,Bank Transfer
T1266,P016,P111,4769.44,2025-10-10,IMPS
T1267,P102,P008,19664.27,2026-07-20,IMPS
T1268,P101,P116,60840.43,2026-08-19,NEFT
T1269,P033,P123,61682.13,2026-01-01,Bank Transfer
T1270,P041,P062,60098.4,2026-06-02,IMPS
T1271,P128,P020,43557.78,2025-09-15,UPI
T1272,P107,P017,56387.82,2025-12-29,NEFT
T1273,P011,P095,28100.25,2025-10-14,IMPS
T1274,P119,P088,30697.94,2026-04-23,IMPS
T1275,P079,P121,51388.28,2026-08-16,Bank Transfer
T1276,P144,P147,14158.1,2025-12-30,IMPS
T1277,P024,P126,97535.05,2026-02-12,UPI
T1278,P065,P069,93449.01,2026-03-22,IMPS
T1279,P132,P059,31648.64,2026-08-29,IMPS
T1280,P062,P145,19531.02,2026-05-27,IMPS
T1281,P050,P086,52008.34,2026-01-06,Bank Transfer
T1282,P072,P068,59977.17,2025-12-13,NEFT
T1283,P036,P076,19401.62,2026-07-24,IMPS
T1284,P139,P142,32453.68,2026-01-09,Bank Transfer
T1285,P149,P134,17754.85,2026-02-22,IMPS
T1286,P064,P053,60014.06,2026-04-06,IMPS
T1287,P047,P128,37812.36,2026-08-07,Bank Transfer
T1288,P124,P070,93282.15,2026-01-19,Bank Transfer
T1289,P138,P088,15060.82,2025-12-08,UPI
T1290,P065,P032,96668.11,2026-03-23,Bank Transfer
T1291,P001,P018,19298.34,2026-07-11,IMPS
T1292,P127,P117,93507.73,2026-01-27,IMPS
T1293,P131,P146,42339.07,2026-01-05,IMPS
T1294,P014,P110,62997.22,2026-04-20,Bank Transfer
T1295,P028,P122,43998.64,2026-02-21,IMPS
T1296,P031,P036,18519.92,2026-04-01,IMPS
T1297,P014,P011,84793.88,2026-05-17,IMPS
T1298,P028,P141,53754.65,2026-06-23,NEFT
T1299,P025,P109,20886.83,2026-04-08,UPI
T1300,P003,P029,34091.79,2026-04-07,IMPS
T1301,P073,P111,24447.69,2025-12-13,NEFT
T1302,P147,P069,92821.23,2026-03-08,IMPS
T1303,P061,P039,2783.93,2026-01-09,IMPS
T1304,P057,P044,80668.18,2026-06-30,Bank Transfer
T1305,P053,P139,61821.52,2026-02-16,NEFT
T1306,P024,P147,74175.38,2025-12-14,IMPS
T1307,P125,P032,10020.52,2026-03-28,Bank Transfer
T1308,P057,P062,46220.91,2026-08-21,NEFT
T1309,P045,P057,28307.33,2025-09-19,UPI
T1310,P062,P079,43801.73,2026-06-05,Bank Transfer
T1311,P115,P055,23601.98,2025-10-16,UPI
T1312,P105,P114,44531.49,2026-06-02,Bank Transfer
T1313,P098,P006,54355.83,2026-01-26,IMPS
T1314,P053,P126,43946.7,2026-06-29,IMPS
T1315,P083,P006,50153.7,2026-01-12,Bank Transfer
T1316,P114,P053,37609.62,2026-04-01,UPI
T1317,P097,P044,78912.96,2026-04-18,NEFT
T1318,P056,P081,35649.92,2026-09-03,IMPS
T1319,P064,P075,89896.03,2026-07-23,Bank Transfer
T1320,P121,P007,68805.97,2026-04-04,NEFT
T1321,P017,P116,71450.43,2025-12-22,UPI
T1322,P100,P147,34845.82,2025-12-02,Bank Transfer
T1323,P006,P126,43911.04,2026-06-17,Bank Transfer
T1324,P109,P023,44017.55,2026-02-15,IMPS
T1325,P059,P069,36976.18,2025-11-07,IMPS
T1326,P123,P041,17269.89,2026-02-08,NEFT
T1327,P010,P098,36774.9,2026-08-17,NEFT
T1328,P024,P041,9691.49,2025-11-24,UPI
T1329,P065,P021,52762.76,2025-12-14,IMPS
T1330,P116,P039,29668.7,2025-09-27,Bank Transfer
T1331,P072,P048,23294.32,2026-04-05,IMPS
T1332,P043,P134,7144.5,2026-06-03,UPI
T1333,P014,P147,65634.88,2026-02-15,NEFT
T1334,P074,P141,47289.71,2026-06-11,Bank Transfer
T1335,P043,P061,2209.59,2026-04-15,NEFT
T1336,P020,P018,77397.21,2025-12-09,IMPS
T1337,P046,P137,12851.66,2026-01-12,Bank Transfer
T1338,P142,P095,72459.25,2026-03-18,NEFT
T1339,P137,P048,24941.83,2025-11-16,UPI
T1340,P084,P044,76751.79,2026-07-05,UPI
T1341,P129,P130,89536.4,2025-09-22,Bank Transfer
T1342,P035,P043,5310.27,2026-05-06,NEFT
T1343,P034,P062,86237.98,2026-06-19,IMPS
T1344,P147,P072,46509.32,2026-05-02,Bank Transfer
T1345,P045,P029,71486.25,2026-05-25,NEFT
T1346,P011,P018,98294.2,2026-04-24,NEFT
T1347,P001,P074,46346.88,2026-06-10,Bank Transfer
T1348,P102,P141,54376.16,2026-07-17,Bank Transfer
T1349,P135,P120,96229.44,2026-07-20,IMPS
T1350,P148,P104,75287.31,2026-05-12,Bank Transfer
T1351,P043,P129,85863.72,2026-08-15,NEFT
T1352,P010,P053,7805.0,2026-08-04,IMPS
T1353,P077,P030,60637.38,2026-02-15,Bank Transfer
T1354,P098,P097,30302.04,2026-05-28,UPI
T1355,P081,P125,20270.93,2026-02-06,UPI
T1356,P056,P112,77619.67,2025-09-29,NEFT
T1357,P116,P036,65082.6,2025-12-17,IMPS
T1358,P102,P063,14660.38,2025-12-02,NEFT
T1359,P113,P065,48934.2,2026-08-18,Bank Transfer
T1360,P120,P096,88297.15,2026-08-15,Bank Transfer
T1361,P034,P107,95982.03,2025-10-13,NEFT
T1362,P038,P026,29894.1,2025-11-28,UPI
T1363,P090,P120,90984.51,2026-04-18,Bank Transfer
T1364,P020,P076,35800.05,2026-06-17,Bank Transfer
T1365,P011,P123,7241.69,2026-07-22,IMPS
T1366,P050,P080,92237.54,2025-11-06,NEFT
T1367,P003,P026,15020.93,2025-09-06,IMPS
T1368,P016,P007,51195.92,2026-06-15,IMPS
T1369,P007,P115,40639.5,2025-10-03,Bank Transfer
T1370,P089,P084,28850.25,2026-06-17,UPI
T1371,P133,P150,12768.13,2026-05-22,Bank Transfer
T1372,P125,P111,76482.14,2026-04-27,UPI
T1373,P141,P145,50841.8,2026-07-09,NEFT
T1374,P097,P085,66231.32,2026-03-08,Bank Transfer
T1375,P069,P037,14650.02,2025-12-23,NEFT
T1376,P024,P099,27938.1,2025-09-20,NEFT
T1377,P011,P012,30639.57,2026-03-02,NEFT
T1378,P050,P108,57144.84,2026-03-03,Bank Transfer
T1379,P039,P110,54932.07,2026-03-26,IMPS
T1380,P054,P001,99107.14,2025-12-05,NEFT
T1381,P010,P068,72860.17,2026-02-26,UPI
T1382,P057,P120,91555.83,2026-08-21,NEFT
T1383,P127,P030,8456.97,2026-05-05,Bank Transfer
T1384,P088,P096,85134.09,2026-02-04,IMPS
T1385,P148,P143,55018.57,2025-11-27,IMPS
T1386,P084,P135,15982.03,2026-03-07,IMPS
T1387,P063,P058,81585.72,2026-02-23,Bank Transfer
T1388,P124,P070,33151.29,2026-07-08,IMPS
T1389,P128,P104,5603.01,2025-12-28,IMPS
T1390,P066,P028,82494.86,2026-02-28,NEFT
T1391,P057,P064,46702.58,2026-05-27,NEFT
T1392,P026,P139,50831.44,2025-12-07,Bank Transfer
T1393,P103,P108,56874.0,2026-07-04,IMPS
T1394,P021,P063,16663.32,2026-04-22,Bank Transfer
T1395,P017,P081,92649.39,2026-02-18,UPI
T1396,P112,P104,81598.55,2025-09-25,NEFT
T1397,P107,P122,97846.68,2025-09-24,IMPS
T1398,P095,P031,31146.74,2026-08-09,Bank Transfer
T1399,P126,P102,59048.11,2026-08-26,Bank Transfer
T1400,P111,P061,29003.53,2026-06-09,NEFT
T1401,P087,P041,59999.23,2025-12-28,Bank Transfer
T1402,P022,P026,8668.44,2026-06-22,UPI
T1403,P039,P139,43139.99,2026-03-07,UPI
T1404,P039,P014,707.68,2025-12-08,NEFT
T1405,P009,P035,29496.59,2025-11-02,IMPS
T1406,P092,P147,9208.26,2025-11-15,NEFT
T1407,P080,P085,10447.15,2025-11-07,UPI
T1408,P011,P001,82232.26,2026-02-09,NEFT
T1409,P044,P101,82507.0,2026-07-30,Bank Transfer
T1410,P028,P069,59540.33,2026-03-14,UPI
T1411,P073,P036,6961.78,2026-08-11,IMPS
T1412,P041,P132,10063.96,2026-05-28,NEFT
T1413,P073,P009,39642.65,2026-03-02,IMPS
T1414,P042,P122,81121.94,2025-11-27,IMPS
T1415,P131,P079,29718.5,2026-05-04,Bank Transfer
T1416,P108,P061,79528.62,2026-05-22,IMPS
T1417,P084,P054,24447.79,2025-11-14,NEFT
T1418,P040,P010,8405.59,2026-02-26,UPI
T1419,P038,P028,99823.46,2026-07-25,NEFT
T1420,P039,P019,28606.29,2026-03-09,IMPS
T1421,P082,P149,24305.78,2026-03-15,Bank Transfer
T1422,P112,P105,12700.54,2025-11-07,IMPS
T1423,P054,P122,65790.08,2026-03-07,IMPS
T1424,P041,P101,19553.12,2026-08-04,UPI
T1425,P013,P009,84191.57,2026-09-02,IMPS
T1426,P100,P048,81345.62,2026-01-10,Bank Transfer
T1427,P102,P083,45236.42,2026-04-17,IMPS
T1428,P109,P081,95827.48,2025-10-25,NEFT
T1429,P002,P043,95451.81,2025-11-09,Bank Transfer
T1430,P024,P125,87614.34,2026-05-28,IMPS
T1431,P038,P011,88479.8,2026-07-02,NEFT
T1432,P132,P127,95727.73,2026-06-27,NEFT
T1433,P047,P107,4325.68,2026-02-09,UPI
T1434,P093,P088,80120.76,2026-01-16,IMPS
T1435,P087,P001,10907.43,2026-07-23,NEFT
T1436,P055,P038,33585.53,2026-04-15,IMPS
T1437,P136,P101,89013.84,2025-10-17,NEFT
T1438,P112,P011,45767.77,2025-12-24,IMPS
T1439,P138,P117,4929.11,2026-02-21,IMPS
T1440,P005,P105,59137.37,2026-06-20,UPI
T1441,P122,P107,92940.32,2025-10-13,NEFT
T1442,P081,P058,45202.5,2026-06-12,IMPS
T1443,P010,P059,67009.01,2026-03-31,IMPS
T1444,P102,P068,926.36,2026-06-13,NEFT
T1445,P011,P057,95224.85,2026-08-10,Bank Transfer
T1446,P062,P102,723.92,2026-04-27,UPI
T1447,P020,P071,53758.13,2026-03-24,Bank Transfer
T1448,P005,P129,86920.32,2026-07-17,IMPS
T1449,P014,P128,98892.4,2026-02-10,NEFT
T1450,P137,P142,29111.94,2026-06-18,UPI
T1451,P061,P100,56295.09,2026-07-15,IMPS
T1452,P046,P140,65782.2,2026-05-07,UPI
T1453,P110,P021,33213.1,2026-06-30,NEFT
T1454,P123,P006,10396.26,2025-10-01,IMPS
T1455,P044,P075,67345.18,2026-07-28,Bank Transfer
T1456,P042,P110,20807.29,2026-01-24,NEFT
T1457,P093,P025,76626.72,2026-06-23,IMPS
T1458,P080,P139,69309.97,2026-04-20,UPI
T1459,P020,P040,87385.51,2025-10-08,UPI
T1460,P062,P017,77977.15,2025-12-23,IMPS
T1461,P046,P030,76607.58,2025-10-21,IMPS
T1462,P032,P129,76716.98,2026-08-13,Bank Transfer
T1463,P131,P032,48383.57,2026-09-02,IMPS
T1464,P022,P092,79005.5,2026-02-13,IMPS
T1465,P046,P100,80756.89,2025-11-12,IMPS
T1466,P005,P023,99216.24,2025-11-23,NEFT
T1467,P038,P088,16453.81,2025-10-08,NEFT
T1468,P123,P090,3464.02,2026-08-07,Bank Transfer
T1469,P111,P027,80823.87,2026-09-03,Bank Transfer
T1470,P055,P043,19419.3,2026-05-02,Bank Transfer
T1471,P018,P059,83533.86,2026-03-07,Bank Transfer
T1472,P143,P118,39033.92,2026-04-08,IMPS
T1473,P051,P011,4119.76,2026-01-13,NEFT
T1474,P001,P147,35864.44,2025-12-21,IMPS
T1475,P087,P107,75098.4,2026-04-22,UPI
T1476,P081,P119,8979.91,2026-06-08,UPI
T1477,P134,P144,76729.45,2025-12-05,NEFT
T1478,P122,P127,55581.71,2025-10-10,IMPS
T1479,P031,P009,78721.55,2025-10-09,IMPS
T1480,P063,P080,53939.61,2025-12-08,Bank Transfer
T1481,P076,P010,85936.36,2025-10-01,UPI
T1482,P077,P036,69742.72,2026-03-11,Bank Transfer
T1483,P040,P072,34324.15,2026-04-02,Bank Transfer
T1484,P020,P136,36696.63,2025-10-29,Bank Transfer
T1485,P079,P077,40983.65,2026-04-25,UPI
T1486,P073,P084,18885.23,2026-04-28,UPI
T1487,P036,P135,60489.19,2026-01-16,UPI
T1488,P093,P030,9968.15,2026-07-08,IMPS
T1489,P086,P082,88896.63,2026-07-10,NEFT
T1490,P148,P055,58431.71,2025-10-27,UPI
T1491,P060,P013,28013.23,2026-08-23,UPI
T1492,P141,P148,87094.89,2026-09-01,IMPS
T1493,P142,P077,10493.35,2025-11-12,Bank Transfer
T1494,P011,P080,91924.41,2026-02-22,Bank Transfer
T1495,P024,P086,27270.29,2025-09-18,UPI
T1496,P036,P018,9884.34,2026-06-18,UPI
T1497,P028,P123,4731.22,2026-08-07,IMPS
T1498,P104,P139,11135.65,2025-12-29,NEFT
T1499,P144,P064,8659.88,2026-02-13,NEFT
T1500,P048,P146,70219.4,2026-06-20,UPI
