event_id,vehicle_id,person_id,location_id,event_date
VE0001,V041,P005,L016,2026-03-29
VE0002,V014,P033,L006,2026-07-31
VE0003,V048,P131,L008,2025-10-21
VE0004,V027,P002,L022,2026-03-03
VE0005,V034,P070,L019,2026-01-07
VE0006,V047,P049,L016,2025-12-10
VE0007,V036,P061,L002,2026-03-17
VE0008,V028,P055,L020,2025-11-07
VE0009,V043,P100,L007,2026-06-16
VE0010,V034,P075,L012,2025-12-05
VE0011,V009,P104,L019,2026-08-09
VE0012,V027,P149,L010,2026-05-28
VE0013,V018,P064,L020,2026-07-24
VE0014,V008,P108,L009,2025-12-20
VE0015,V042,P128,L001,2025-09-28
VE0016,V008,P104,L019,2026-01-03
VE0017,V013,P065,L023,2026-02-10
VE0018,V009,P148,L006,2026-08-18
VE0019,V042,P149,L004,2025-12-27
VE0020,V043,P064,L005,2025-12-06
VE0021,V046,P011,L008,2026-04-04
VE0022,V016,P012,L024,2026-04-24
VE0023,V005,P102,L005,2026-01-15
VE0024,V014,P071,L004,2026-08-05
VE0025,V037,P001,L021,2025-12-03
VE0026,V014,P029,L027,2025-10-19
VE0027,V045,P004,L014,2025-10-06
VE0028,V007,P088,L007,2025-09-24
VE0029,V029,P037,L005,2026-06-28
VE0030,V047,P032,L028,2026-07-20
VE0031,V024,P084,L014,2025-12-01
VE0032,V025,P133,L022,2025-10-17
VE0033,V018,P114,L022,2026-04-01
VE0034,V013,P038,L007,2025-09-17
VE0035,V025,P091,L007,2026-04-04
VE0036,V043,P063,L016,2026-02-09
VE0037,V032,P071,L014,2026-04-24
VE0038,V004,P065,L001,2025-10-12
VE0039,V028,P119,L006,2026-02-01
VE0040,V004,P016,L024,2026-03-30
VE0041,V030,P135,L010,2026-05-28
VE0042,V014,P106,L004,2026-07-30
VE0043,V019,P037,L010,2025-11-07
VE0044,V018,P046,L014,2025-09-25
VE0045,V050,P004,L016,2026-08-06
VE0046,V049,P136,L003,2025-10-13
VE0047,V038,P117,L012,2026-02-19
VE0048,V020,P058,L015,2026-04-21
VE0049,V013,P071,L027,2026-08-04
VE0050,V031,P100,L009,2025-09-12
VE0051,V011,P123,L008,2026-08-27
VE0052,V029,P035,L001,2026-05-18
VE0053,V050,P061,L021,2026-07-26
VE0054,V032,P099,L008,2026-08-30
VE0055,V036,P131,L021,2025-10-10
VE0056,V010,P029,L009,2026-02-21
VE0057,V047,P095,L017,2026-05-22
VE0058,V017,P026,L009,2025-12-01
VE0059,V043,P133,L026,2025-10-27
VE0060,V020,P104,L001,2026-05-02
VE0061,V005,P146,L029,2026-08-14
VE0062,V007,P062,L029,2026-05-07
VE0063,V019,P065,L026,2026-03-14
VE0064,V016,P143,L028,2026-07-06
VE0065,V040,P148,L026,2026-06-26
VE0066,V034,P047,L021,2026-05-10
VE0067,V032,P136,L001,2025-09-03
VE0068,V010,P006,L011,2026-04-27
VE0069,V050,P142,L014,2026-02-04
VE0070,V037,P088,L001,2026-05-15
VE0071,V031,P050,L006,2026-07-09
VE0072,V007,P079,L024,2025-10-26
VE0073,V049,P109,L009,2026-08-28
VE0074,V045,P070,L019,2026-06-23
VE0075,V013,P103,L022,2025-09-03
VE0076,V039,P145,L019,2026-05-21
VE0077,V023,P025,L013,2025-10-29
VE0078,V031,P051,L029,2026-01-17
VE0079,V016,P084,L002,2026-08-28
VE0080,V022,P092,L016,2025-10-15
VE0081,V049,P062,L018,2026-03-22
VE0082,V022,P127,L008,2025-10-15
VE0083,V028,P144,L001,2025-09-15
VE0084,V045,P020,L004,2025-10-11
VE0085,V037,P036,L008,2025-10-10
VE0086,V027,P012,L007,2026-06-25
VE0087,V030,P106,L018,2026-04-24
VE0088,V048,P019,L004,2026-05-09
VE0089,V044,P141,L015,2026-01-03
VE0090,V046,P035,L008,2026-04-05
VE0091,V048,P055,L007,2026-04-09
VE0092,V024,P025,L002,2026-03-19
VE0093,V017,P003,L030,2026-07-28
VE0094,V038,P105,L004,2026-03-20
VE0095,V018,P116,L029,2026-05-24
VE0096,V014,P024,L011,2026-01-08
VE0097,V016,P031,L003,2026-07-30
VE0098,V017,P138,L024,2026-08-28
VE0099,V041,P062,L002,2026-07-19
VE0100,V031,P071,L018,2026-07-09
VE0101,V011,P002,L030,2026-08-03
VE0102,V032,P056,L026,2025-10-18
VE0103,V027,P085,L004,2026-08-09
VE0104,V006,P129,L019,2026-03-23
VE0105,V015,P148,L009,2025-11-15
VE0106,V001,P110,L023,2026-02-22
VE0107,V023,P092,L025,2026-03-13
VE0108,V029,P143,L023,2026-02-09
VE0109,V011,P007,L024,2026-02-14
VE0110,V007,P147,L001,2026-07-28
VE0111,V043,P071,L007,2025-11-02
VE0112,V012,P041,L008,2026-05-31
VE0113,V048,P012,L024,2026-06-30
VE0114,V012,P051,L027,2026-05-30
VE0115,V014,P051,L005,2026-04-28
VE0116,V019,P118,L002,2025-09-08
VE0117,V043,P116,L008,2025-09-14
VE0118,V040,P035,L002,2025-12-12
VE0119,V008,P053,L012,2026-05-29
VE0120,V041,P077,L027,2026-05-21
VE0121,V044,P111,L005,2025-11-27
VE0122,V045,P017,L027,2025-12-20
VE0123,V011,P122,L013,2026-04-27
VE0124,V001,P044,L012,2026-02-19
VE0125,V003,P137,L006,2026-08-03
VE0126,V044,P108,L004,2026-03-24
VE0127,V006,P041,L007,2025-09-18
VE0128,V005,P040,L014,2026-04-16
VE0129,V007,P112,L008,2025-12-09
VE0130,V045,P043,L009,2026-02-20
VE0131,V046,P134,L023,2026-05-22
VE0132,V036,P136,L029,2026-02-22
VE0133,V038,P150,L011,2026-05-15
VE0134,V029,P041,L027,2026-03-05
VE0135,V039,P137,L022,2026-03-03
VE0136,V037,P056,L015,2026-01-22
VE0137,V028,P045,L020,2026-07-13
VE0138,V029,P072,L011,2026-02-16
VE0139,V017,P055,L030,2025-12-24
VE0140,V047,P006,L007,2025-12-28
VE0141,V026,P076,L013,2026-06-09
VE0142,V050,P138,L015,2026-03-20
VE0143,V006,P149,L004,2025-09-26
VE0144,V045,P033,L029,2026-05-24
VE0145,V004,P059,L024,2025-12-23
VE0146,V045,P137,L028,2026-08-29
VE0147,V008,P144,L016,2026-03-12
VE0148,V026,P149,L023,2026-04-02
VE0149,V048,P035,L002,2026-01-12
VE0150,V034,P047,L018,2026-04-27
VE0151,V015,P033,L008,2026-05-15
VE0152,V004,P131,L028,2026-03-15
VE0153,V039,P140,L029,2025-12-20
VE0154,V005,P062,L018,2026-03-06
VE0155,V036,P022,L011,2026-02-28
VE0156,V034,P138,L003,2025-09-29
VE0157,V017,P067,L011,2026-06-25
VE0158,V036,P035,L027,2025-10-29
VE0159,V012,P012,L014,2025-12-09
VE0160,V032,P053,L005,2025-12-10
VE0161,V015,P023,L017,2026-06-19
VE0162,V010,P114,L003,2026-04-09
VE0163,V028,P140,L003,2026-04-20
VE0164,V048,P083,L015,2026-08-05
VE0165,V011,P071,L028,2026-05-22
VE0166,V022,P008,L002,2025-09-05
VE0167,V049,P003,L025,2025-10-18
VE0168,V002,P007,L028,2025-11-20
VE0169,V047,P008,L003,2025-12-05
VE0170,V021,P043,L025,2026-05-21
VE0171,V048,P150,L003,2026-07-04
VE0172,V006,P049,L016,2025-10-15
VE0173,V007,P113,L026,2026-03-12
VE0174,V035,P096,L002,2026-01-01
VE0175,V041,P007,L024,2025-10-11
VE0176,V010,P091,L011,2025-12-02
VE0177,V025,P030,L026,2026-08-13
VE0178,V033,P075,L025,2026-06-26
VE0179,V019,P067,L006,2026-01-08
VE0180,V006,P140,L027,2026-02-04
VE0181,V010,P148,L018,2026-03-03
VE0182,V031,P074,L016,2026-03-28
VE0183,V034,P020,L005,2026-08-13
VE0184,V012,P074,L017,2025-10-28
VE0185,V040,P011,L011,2025-12-18
VE0186,V025,P121,L002,2025-12-30
VE0187,V033,P112,L015,2026-08-06
VE0188,V002,P012,L020,2025-12-18
VE0189,V004,P001,L022,2025-09-13
VE0190,V017,P063,L013,2026-02-08
VE0191,V023,P088,L003,2025-12-06
VE0192,V024,P133,L009,2026-05-04
VE0193,V034,P039,L013,2026-03-19
VE0194,V025,P145,L004,2025-09-24
VE0195,V016,P106,L005,2026-05-27
VE0196,V018,P131,L008,2026-01-04
VE0197,V021,P095,L022,2025-09-13
VE0198,V004,P094,L010,2025-10-17
VE0199,V011,P148,L013,2025-10-14
VE0200,V047,P011,L018,2026-08-30
VE0201,V046,P011,L021,2025-09-19
VE0202,V031,P014,L014,2026-05-08
VE0203,V014,P062,L014,2025-11-20
VE0204,V039,P143,L015,2025-09-05
VE0205,V040,P091,L026,2026-08-25
VE0206,V002,P135,L006,2026-04-27
VE0207,V009,P017,L002,2026-03-11
VE0208,V018,P013,L030,2025-09-19
VE0209,V008,P101,L009,2025-09-05
VE0210,V034,P032,L029,2025-12-20
VE0211,V036,P136,L024,2025-12-30
VE0212,V001,P067,L021,2026-06-01
VE0213,V047,P067,L028,2026-02-24
VE0214,V042,P046,L018,2026-08-31
VE0215,V031,P128,L029,2025-12-02
VE0216,V016,P133,L007,2026-02-28
VE0217,V025,P049,L017,2026-08-07
VE0218,V042,P017,L013,2026-02-24
VE0219,V018,P063,L005,2025-11-07
VE0220,V044,P017,L005,2026-08-16
VE0221,V045,P103,L020,2026-08-30
VE0222,V044,P076,L024,2026-08-29
VE0223,V011,P134,L019,2026-08-10
VE0224,V042,P079,L014,2026-06-12
VE0225,V020,P041,L001,2025-11-10
VE0226,V016,P108,L025,2026-02-28
VE0227,V046,P034,L012,2026-07-28
VE0228,V047,P136,L014,2025-12-24
VE0229,V014,P027,L010,2025-12-22
VE0230,V050,P065,L003,2026-08-11
VE0231,V030,P011,L027,2025-11-06
VE0232,V025,P075,L021,2026-03-04
VE0233,V025,P041,L012,2026-03-07
VE0234,V049,P096,L025,2025-12-25
VE0235,V019,P011,L006,2026-01-20
VE0236,V026,P059,L024,2025-09-20
VE0237,V044,P095,L011,2026-01-25
VE0238,V035,P048,L010,2026-05-22
VE0239,V013,P006,L022,2026-09-02
VE0240,V006,P121,L013,2025-12-05
VE0241,V020,P106,L026,2025-10-12
VE0242,V018,P075,L017,2026-08-14
VE0243,V037,P136,L017,2026-07-08
VE0244,V002,P058,L024,2026-07-06
VE0245,V007,P095,L008,2026-01-17
VE0246,V036,P129,L017,2026-05-27
VE0247,V012,P071,L011,2026-01-09
VE0248,V047,P035,L015,2026-07-10
VE0249,V040,P016,L022,2026-07-13
VE0250,V045,P088,L002,2026-03-25
VE0251,V019,P015,L028,2026-05-25
VE0252,V019,P062,L007,2026-07-25
VE0253,V014,P054,L025,2025-10-04
VE0254,V023,P050,L027,2025-11-11
VE0255,V034,P066,L019,2026-06-20
VE0256,V021,P032,L013,2026-07-19
VE0257,V047,P057,L026,2026-06-20
VE0258,V010,P027,L003,2026-03-10
VE0259,V007,P117,L017,2026-06-02
VE0260,V030,P032,L018,2025-12-02
VE0261,V004,P051,L008,2026-07-13
VE0262,V038,P024,L021,2026-01-24
VE0263,V044,P051,L016,2025-11-07
VE0264,V014,P035,L013,2026-03-31
VE0265,V042,P083,L008,2026-03-30
VE0266,V003,P105,L028,2026-08-16
VE0267,V003,P020,L003,2026-08-14
VE0268,V049,P130,L016,2025-10-31
VE0269,V049,P084,L013,2026-03-09
VE0270,V007,P119,L017,2026-03-27
VE0271,V027,P142,L024,2026-07-09
VE0272,V034,P003,L001,2026-07-02
VE0273,V012,P054,L027,2026-04-22
VE0274,V002,P008,L019,2026-08-14
VE0275,V007,P086,L025,2026-07-25
VE0276,V027,P029,L018,2025-10-27
VE0277,V009,P135,L030,2025-12-22
VE0278,V001,P063,L023,2026-09-02
VE0279,V025,P086,L016,2026-03-15
VE0280,V041,P128,L009,2025-10-18
VE0281,V047,P073,L027,2026-05-29
VE0282,V039,P031,L024,2026-03-11
VE0283,V027,P001,L029,2025-09-24
VE0284,V040,P055,L013,2025-10-21
VE0285,V024,P089,L005,2025-09-25
VE0286,V004,P020,L010,2026-05-23
VE0287,V039,P019,L026,2026-05-30
VE0288,V008,P135,L021,2026-07-16
VE0289,V050,P148,L010,2026-01-15
VE0290,V007,P139,L010,2025-10-12
VE0291,V015,P060,L013,2026-06-20
VE0292,V034,P123,L011,2026-03-25
VE0293,V002,P036,L025,2026-03-14
VE0294,V027,P050,L006,2026-02-12
VE0295,V047,P041,L007,2026-01-03
VE0296,V039,P130,L005,2025-10-29
VE0297,V005,P062,L015,2026-02-26
VE0298,V018,P086,L011,2026-07-08
VE0299,V027,P020,L003,2026-06-29
VE0300,V017,P010,L023,2025-10-17
VE0301,V048,P076,L005,2025-10-07
VE0302,V034,P138,L014,2025-09-20
VE0303,V048,P011,L027,2026-08-03
VE0304,V024,P006,L025,2026-03-13
VE0305,V022,P061,L016,2026-05-20
VE0306,V026,P110,L014,2026-02-27
VE0307,V048,P012,L017,2025-09-30
VE0308,V045,P025,L004,2026-01-24
VE0309,V048,P033,L014,2025-12-09
VE0310,V050,P005,L002,2026-03-02
VE0311,V013,P015,L017,2026-06-03
VE0312,V014,P093,L013,2025-09-06
VE0313,V026,P023,L027,2026-03-20
VE0314,V049,P007,L013,2025-10-28
VE0315,V010,P117,L003,2025-09-30
VE0316,V021,P055,L004,2026-01-02
VE0317,V012,P056,L009,2025-11-19
VE0318,V022,P092,L002,2026-04-04
VE0319,V028,P131,L018,2025-11-06
VE0320,V012,P112,L019,2025-10-29
VE0321,V007,P125,L021,2025-11-13
VE0322,V032,P109,L025,2026-09-03
VE0323,V036,P037,L020,2026-08-29
VE0324,V014,P135,L027,2026-06-29
VE0325,V017,P075,L024,2025-10-19
VE0326,V003,P030,L008,2026-04-10
VE0327,V020,P142,L001,2025-12-14
VE0328,V034,P115,L025,2025-09-05
VE0329,V013,P088,L010,2026-06-11
VE0330,V016,P123,L028,2025-10-23
VE0331,V043,P141,L024,2026-05-01
VE0332,V034,P035,L014,2026-02-23
VE0333,V003,P055,L008,2026-02-07
VE0334,V042,P096,L020,2026-02-15
VE0335,V047,P032,L002,2026-04-12
VE0336,V007,P095,L015,2026-01-13
VE0337,V045,P005,L020,2026-02-15
VE0338,V004,P130,L012,2025-11-14
VE0339,V037,P149,L023,2026-02-08
VE0340,V005,P075,L010,2026-01-21
VE0341,V037,P047,L030,2025-09-09
VE0342,V002,P116,L009,2026-04-23
VE0343,V038,P043,L013,2025-11-28
VE0344,V049,P147,L020,2026-08-28
VE0345,V041,P108,L025,2026-08-15
VE0346,V040,P147,L026,2026-06-07
VE0347,V025,P076,L027,2025-10-25
VE0348,V036,P117,L003,2026-05-03
VE0349,V034,P076,L005,2025-10-17
VE0350,V035,P094,L019,2025-11-04
VE0351,V025,P146,L008,2026-01-03
VE0352,V010,P085,L019,2026-01-11
VE0353,V007,P076,L001,2025-09-25
VE0354,V050,P129,L029,2025-11-20
VE0355,V020,P146,L020,2026-04-27
VE0356,V013,P045,L029,2026-04-21
VE0357,V013,P028,L006,2026-02-13
VE0358,V050,P058,L010,2026-05-27
VE0359,V050,P037,L025,2026-07-19
VE0360,V028,P104,L019,2025-12-25
VE0361,V036,P015,L014,2026-01-29
VE0362,V040,P006,L018,2026-05-12
VE0363,V031,P040,L013,2026-05-02
VE0364,V041,P031,L015,2025-12-15
VE0365,V049,P107,L029,2025-09-11
VE0366,V002,P114,L006,2025-11-29
VE0367,V048,P056,L010,2025-10-29
VE0368,V036,P059,L017,2026-06-22
VE0369,V039,P057,L011,2026-06-01
VE0370,V043,P093,L021,2026-08-27
VE0371,V016,P134,L005,2025-10-20
VE0372,V043,P144,L025,2025-11-19
VE0373,V002,P073,L027,2025-12-20
VE0374,V001,P089,L014,2026-02-03
VE0375,V043,P031,L005,2025-11-29
VE0376,V045,P145,L020,2026-04-07
VE0377,V028,P088,L001,2025-10-01
VE0378,V036,P038,L013,2026-03-01
VE0379,V038,P092,L018,2025-10-03
VE0380,V044,P038,L014,2026-06-24
VE0381,V043,P069,L003,2025-09-05
VE0382,V036,P098,L019,2025-12-21
VE0383,V025,P089,L014,2026-09-02
VE0384,V041,P019,L030,2026-07-29
VE0385,V014,P004,L018,2026-07-22
VE0386,V031,P110,L004,2025-09-25
VE0387,V044,P038,L025,2026-03-18
VE0388,V013,P136,L011,2026-06-28
VE0389,V037,P087,L030,2026-01-02
VE0390,V049,P031,L009,2026-08-13
VE0391,V013,P069,L013,2026-06-24
VE0392,V035,P039,L008,2026-07-13
VE0393,V038,P080,L028,2025-12-12
VE0394,V033,P070,L021,2026-03-14
VE0395,V003,P008,L027,2026-06-01
VE0396,V011,P123,L025,2026-06-10
VE0397,V015,P001,L001,2026-02-15
VE0398,V043,P132,L014,2026-06-03
VE0399,V039,P101,L030,2026-09-01
VE0400,V025,P017,L002,2026-05-25
VE0401,V008,P100,L017,2025-09-05
VE0402,V013,P020,L003,2026-08-04
VE0403,V043,P050,L027,2026-03-07
VE0404,V040,P086,L027,2025-10-19
VE0405,V002,P013,L003,2026-08-20
VE0406,V025,P136,L002,2025-11-20
VE0407,V040,P072,L003,2026-01-14
VE0408,V019,P019,L028,2026-05-09
VE0409,V048,P083,L002,2025-10-08
VE0410,V030,P105,L025,2026-07-25
VE0411,V012,P134,L007,2026-03-17
VE0412,V038,P114,L021,2026-05-08
VE0413,V027,P037,L002,2025-10-17
VE0414,V047,P095,L008,2026-05-01
VE0415,V041,P072,L009,2026-06-30
VE0416,V002,P127,L015,2026-01-16
VE0417,V029,P073,L013,2026-07-05
VE0418,V011,P015,L023,2026-06-19
VE0419,V029,P036,L024,2026-07-01
VE0420,V026,P106,L022,2026-05-09
VE0421,V009,P036,L012,2025-10-04
VE0422,V002,P143,L026,2025-09-25
VE0423,V006,P126,L024,2026-05-07
VE0424,V041,P122,L030,2026-02-08
VE0425,V025,P013,L006,2026-06-19
VE0426,V037,P018,L025,2026-01-13
VE0427,V050,P068,L001,2026-06-07
VE0428,V026,P135,L022,2026-08-30
VE0429,V035,P068,L003,2026-08-14
VE0430,V013,P051,L007,2026-03-18
VE0431,V030,P060,L003,2025-12-12
VE0432,V009,P081,L012,2026-07-20
VE0433,V046,P044,L007,2025-11-06
VE0434,V023,P103,L004,2025-10-05
VE0435,V030,P140,L030,2026-03-17
VE0436,V006,P119,L001,2026-07-30
VE0437,V014,P043,L022,2026-03-11
VE0438,V007,P021,L020,2026-03-28
VE0439,V011,P001,L013,2025-09-20
VE0440,V008,P057,L025,2026-07-27
VE0441,V028,P061,L027,2026-07-16
VE0442,V033,P082,L005,2026-05-13
VE0443,V030,P127,L018,2026-02-11
VE0444,V037,P089,L013,2026-08-29
VE0445,V008,P049,L007,2025-12-20
VE0446,V029,P020,L029,2026-01-20
VE0447,V043,P140,L010,2026-02-13
VE0448,V020,P068,L019,2025-09-20
VE0449,V004,P044,L028,2025-09-28
VE0450,V038,P083,L002,2026-05-03
VE0451,V010,P102,L010,2026-08-18
VE0452,V033,P012,L027,2026-08-17
VE0453,V007,P111,L009,2025-11-28
VE0454,V019,P014,L008,2026-02-23
VE0455,V029,P053,L022,2025-12-07
VE0456,V017,P027,L013,2026-06-28
VE0457,V031,P137,L004,2026-02-10
VE0458,V010,P119,L024,2025-10-12
VE0459,V032,P132,L006,2026-04-19
VE0460,V012,P020,L001,2025-12-14
VE0461,V011,P024,L029,2026-06-13
VE0462,V032,P138,L027,2026-07-26
VE0463,V012,P027,L021,2026-02-26
VE0464,V013,P067,L017,2026-01-31
VE0465,V027,P044,L019,2026-04-13
VE0466,V035,P088,L024,2026-04-10
VE0467,V032,P113,L008,2025-12-02
VE0468,V049,P110,L028,2025-10-07
VE0469,V015,P139,L008,2025-10-09
VE0470,V008,P132,L006,2025-10-04
VE0471,V035,P082,L014,2026-03-06
VE0472,V002,P087,L008,2026-05-26
VE0473,V037,P116,L024,2026-06-29
VE0474,V002,P127,L026,2025-09-22
VE0475,V045,P140,L024,2026-05-14
VE0476,V041,P110,L013,2026-08-01
VE0477,V044,P031,L015,2026-04-18
VE0478,V031,P016,L013,2026-07-05
VE0479,V032,P061,L029,2025-09-20
VE0480,V026,P133,L025,2025-10-14
VE0481,V010,P004,L012,2026-02-05
VE0482,V049,P001,L013,2026-06-30
VE0483,V035,P037,L003,2026-07-11
VE0484,V043,P044,L006,2026-04-04
VE0485,V015,P090,L011,2025-12-30
VE0486,V044,P041,L003,2026-03-21
VE0487,V026,P094,L001,2026-05-06
VE0488,V050,P086,L018,2026-03-16
VE0489,V029,P027,L022,2025-09-11
VE0490,V017,P104,L019,2025-09-08
VE0491,V010,P019,L017,2026-04-21
VE0492,V042,P045,L003,2025-11-11
VE0493,V037,P036,L011,2026-01-18
VE0494,V037,P102,L015,2026-01-14
VE0495,V049,P011,L018,2026-07-20
VE0496,V038,P137,L025,2026-03-21
VE0497,V044,P069,L008,2026-06-14
VE0498,V028,P139,L010,2026-04-08
VE0499,V035,P005,L006,2026-08-10
VE0500,V009,P010,L028,2026-05-17
VE0501,V022,P009,L020,2026-05-13
VE0502,V045,P059,L022,2026-04-03
VE0503,V035,P111,L024,2026-02-09
VE0504,V039,P065,L017,2026-07-12
VE0505,V019,P034,L010,2026-07-12
VE0506,V039,P087,L028,2026-05-30
VE0507,V048,P132,L018,2026-02-13
VE0508,V041,P017,L021,2025-10-03
VE0509,V006,P073,L012,2026-06-25
VE0510,V029,P140,L017,2026-06-04
VE0511,V030,P010,L023,2026-08-06
VE0512,V042,P113,L003,2026-03-23
VE0513,V023,P046,L008,2026-05-05
VE0514,V035,P103,L015,2026-03-31
VE0515,V025,P123,L007,2026-02-25
VE0516,V035,P048,L001,2026-08-13
VE0517,V040,P116,L009,2025-11-21
VE0518,V025,P020,L020,2025-09-26
VE0519,V005,P119,L016,2025-09-09
VE0520,V040,P137,L016,2025-11-18
VE0521,V025,P139,L005,2025-11-11
VE0522,V040,P148,L030,2026-08-24
VE0523,V028,P130,L016,2026-01-10
VE0524,V046,P040,L027,2026-03-23
VE0525,V009,P082,L017,2026-05-27
VE0526,V037,P051,L016,2026-03-03
VE0527,V048,P010,L026,2025-12-07
VE0528,V042,P137,L011,2025-11-24
VE0529,V044,P135,L001,2026-04-04
VE0530,V026,P048,L022,2026-07-02
VE0531,V041,P061,L012,2025-10-26
VE0532,V004,P069,L029,2026-03-11
VE0533,V002,P093,L025,2026-05-27
VE0534,V025,P098,L024,2026-05-12
VE0535,V040,P085,L022,2025-11-20
VE0536,V030,P146,L002,2026-08-09
VE0537,V002,P032,L006,2026-04-23
VE0538,V018,P139,L006,2026-07-21
VE0539,V050,P088,L028,2026-04-19
VE0540,V024,P069,L009,2025-11-30
VE0541,V012,P135,L013,2026-07-19
VE0542,V030,P101,L007,2026-02-20
VE0543,V009,P091,L027,2026-01-22
VE0544,V040,P076,L006,2025-09-29
VE0545,V041,P064,L021,2025-10-16
VE0546,V009,P137,L024,2026-02-01
VE0547,V037,P069,L026,2026-05-16
VE0548,V026,P057,L028,2026-03-26
VE0549,V013,P140,L029,2025-09-29
VE0550,V037,P027,L011,2026-02-01
VE0551,V026,P043,L009,2025-12-02
VE0552,V006,P084,L006,2025-09-13
VE0553,V035,P087,L024,2025-12-30
VE0554,V031,P046,L030,2026-05-03
VE0555,V022,P100,L006,2026-02-05
VE0556,V037,P044,L013,2025-10-25
VE0557,V038,P057,L028,2026-04-01
VE0558,V045,P057,L011,2025-09-19
VE0559,V034,P095,L004,2026-02-23
VE0560,V015,P130,L004,2026-07-17
VE0561,V036,P101,L012,2026-09-02
VE0562,V024,P007,L021,2026-06-14
VE0563,V032,P133,L009,2025-10-01
VE0564,V025,P144,L011,2025-09-03
VE0565,V002,P083,L025,2026-05-21
VE0566,V032,P074,L027,2026-08-19
VE0567,V017,P058,L001,2026-04-25
VE0568,V013,P079,L021,2026-03-10
VE0569,V040,P031,L029,2025-09-16
VE0570,V044,P132,L027,2025-09-03
VE0571,V037,P020,L030,2026-03-06
VE0572,V008,P124,L020,2025-12-11
VE0573,V031,P043,L002,2026-03-31
VE0574,V013,P134,L027,2025-09-17
VE0575,V046,P086,L019,2025-12-07
VE0576,V016,P069,L026,2025-12-13
VE0577,V003,P023,L027,2025-09-21
VE0578,V024,P054,L013,2025-11-29
VE0579,V020,P023,L011,2026-08-28
VE0580,V019,P117,L004,2026-07-11
VE0581,V021,P084,L007,2026-07-28
VE0582,V007,P056,L024,2026-01-18
VE0583,V012,P094,L020,2026-08-23
VE0584,V014,P108,L016,2026-07-04
VE0585,V047,P135,L004,2025-09-24
VE0586,V016,P110,L015,2026-06-13
VE0587,V021,P012,L001,2025-09-26
VE0588,V040,P069,L028,2026-02-23
VE0589,V010,P028,L010,2026-07-20
VE0590,V050,P023,L002,2026-03-13
VE0591,V050,P091,L006,2026-07-02
VE0592,V030,P099,L020,2026-07-06
VE0593,V034,P032,L023,2026-02-19
VE0594,V038,P135,L016,2025-10-23
VE0595,V036,P016,L020,2026-05-04
VE0596,V047,P034,L025,2026-04-30
VE0597,V031,P002,L009,2026-08-10
VE0598,V024,P034,L008,2025-10-27
VE0599,V033,P135,L018,2026-04-15
VE0600,V050,P090,L013,2026-06-13
VE0601,V011,P036,L030,2025-09-09
VE0602,V022,P143,L026,2025-10-01
VE0603,V050,P110,L014,2026-07-04
VE0604,V004,P084,L028,2026-02-08
VE0605,V050,P150,L017,2026-05-23
VE0606,V027,P116,L018,2026-03-28
VE0607,V029,P072,L010,2025-12-07
VE0608,V011,P036,L016,2025-12-08
VE0609,V046,P087,L017,2026-02-10
VE0610,V022,P072,L018,2026-02-22
VE0611,V041,P087,L024,2025-10-28
VE0612,V038,P109,L012,2026-03-22
VE0613,V021,P074,L006,2026-07-04
VE0614,V033,P033,L010,2026-06-12
VE0615,V040,P031,L003,2026-02-06
VE0616,V045,P110,L011,2026-03-15
VE0617,V002,P035,L030,2026-01-29
VE0618,V001,P011,L002,2026-01-11
VE0619,V010,P079,L012,2026-08-26
VE0620,V041,P059,L019,2026-01-22
VE0621,V042,P060,L003,2026-08-27
VE0622,V016,P034,L021,2026-07-02
VE0623,V008,P084,L028,2025-12-18
VE0624,V021,P018,L007,2025-10-11
VE0625,V001,P083,L011,2026-05-16
VE0626,V031,P009,L017,2025-09-16
VE0627,V014,P109,L018,2026-01-14
VE0628,V048,P047,L022,2025-09-14
VE0629,V007,P073,L010,2025-10-01
VE0630,V019,P134,L017,2025-12-11
VE0631,V040,P099,L013,2025-10-14
VE0632,V038,P126,L005,2026-04-09
VE0633,V032,P057,L014,2025-12-22
VE0634,V029,P113,L024,2026-08-13
VE0635,V019,P106,L005,2025-11-03
VE0636,V048,P002,L005,2025-09-24
VE0637,V024,P132,L024,2025-11-09
VE0638,V046,P043,L030,2026-06-29
VE0639,V024,P074,L007,2026-02-10
VE0640,V005,P135,L007,2026-05-14
VE0641,V012,P140,L026,2026-06-15
VE0642,V007,P035,L007,2025-10-02
VE0643,V005,P033,L007,2026-08-07
VE0644,V039,P037,L029,2026-08-23
VE0645,V042,P002,L021,2026-08-03
VE0646,V020,P024,L002,2026-03-30
VE0647,V025,P003,L029,2026-03-22
VE0648,V006,P134,L008,2026-04-11
VE0649,V027,P068,L016,2025-12-22
VE0650,V011,P053,L023,2025-11-17
VE0651,V036,P119,L012,2026-08-02
VE0652,V002,P137,L006,2026-02-04
VE0653,V050,P121,L013,2025-12-02
VE0654,V034,P023,L022,2026-01-06
VE0655,V030,P046,L026,2026-03-26
VE0656,V012,P090,L016,2026-07-15
VE0657,V030,P083,L009,2025-10-22
VE0658,V048,P093,L018,2025-10-01
VE0659,V041,P069,L016,2025-09-20
VE0660,V009,P098,L005,2025-11-27
VE0661,V037,P009,L011,2026-01-17
VE0662,V010,P024,L017,2026-04-05
VE0663,V050,P117,L013,2026-06-19
VE0664,V043,P142,L008,2025-11-24
VE0665,V047,P027,L013,2026-01-09
VE0666,V004,P141,L028,2026-08-27
VE0667,V012,P113,L004,2026-07-13
VE0668,V042,P121,L006,2025-12-03
VE0669,V005,P118,L022,2025-11-17
VE0670,V014,P051,L015,2026-07-23
VE0671,V046,P056,L030,2026-03-04
VE0672,V037,P150,L006,2025-09-16
VE0673,V002,P084,L006,2026-09-02
VE0674,V012,P040,L019,2026-07-25
VE0675,V037,P055,L024,2025-10-10
VE0676,V027,P044,L004,2026-05-19
VE0677,V047,P110,L026,2025-10-08
VE0678,V021,P150,L003,2026-04-04
VE0679,V041,P078,L008,2025-11-17
VE0680,V036,P141,L005,2026-03-22
VE0681,V016,P043,L011,2026-04-07
VE0682,V042,P094,L023,2026-02-15
VE0683,V016,P148,L028,2026-01-09
VE0684,V035,P053,L011,2026-04-27
VE0685,V036,P079,L009,2025-10-08
VE0686,V027,P032,L016,2026-03-28
VE0687,V047,P119,L024,2026-02-26
VE0688,V048,P127,L008,2026-02-05
VE0689,V011,P101,L010,2026-03-09
VE0690,V016,P006,L019,2026-06-16
VE0691,V022,P067,L028,2025-10-22
VE0692,V017,P148,L026,2025-12-28
VE0693,V050,P128,L020,2026-08-26
VE0694,V046,P030,L006,2026-04-15
VE0695,V029,P150,L015,2026-06-11
VE0696,V001,P048,L019,2025-10-20
VE0697,V012,P113,L003,2026-04-20
VE0698,V011,P015,L011,2026-05-28
VE0699,V016,P120,L025,2026-07-27
VE0700,V034,P128,L024,2026-08-14
VE0701,V008,P055,L016,2026-06-25
VE0702,V046,P084,L005,2026-04-08
VE0703,V038,P143,L030,2025-10-04
VE0704,V034,P063,L005,2026-06-01
VE0705,V010,P008,L026,2026-02-28
VE0706,V044,P026,L005,2026-05-03
VE0707,V024,P102,L024,2025-09-21
VE0708,V047,P014,L018,2025-10-23
VE0709,V013,P045,L002,2026-04-07
VE0710,V003,P068,L025,2026-07-30
VE0711,V036,P126,L020,2026-01-30
VE0712,V044,P120,L017,2026-08-28
VE0713,V033,P130,L028,2026-09-01
VE0714,V037,P113,L012,2026-04-01
VE0715,V044,P054,L023,2026-05-05
VE0716,V048,P096,L022,2025-12-31
VE0717,V033,P092,L006,2026-01-11
VE0718,V016,P137,L013,2025-10-25
VE0719,V004,P011,L007,2026-07-12
VE0720,V002,P072,L010,2025-09-20
VE0721,V016,P100,L021,2026-06-25
VE0722,V006,P147,L028,2026-05-01
VE0723,V037,P083,L004,2025-09-16
VE0724,V030,P018,L012,2026-07-20
VE0725,V011,P054,L028,2025-10-07
VE0726,V047,P147,L029,2026-06-25
VE0727,V006,P006,L025,2026-05-09
VE0728,V010,P148,L006,2026-08-15
VE0729,V050,P090,L022,2025-12-10
VE0730,V002,P024,L010,2025-09-12
VE0731,V013,P123,L009,2025-11-08
VE0732,V042,P131,L007,2025-11-23
VE0733,V004,P051,L030,2026-02-25
VE0734,V001,P148,L014,2026-03-26
VE0735,V031,P022,L007,2025-12-04
VE0736,V044,P128,L003,2026-03-16
VE0737,V039,P030,L005,2026-04-22
VE0738,V026,P013,L021,2026-05-08
VE0739,V010,P039,L004,2025-10-28
VE0740,V014,P041,L004,2025-11-07
VE0741,V044,P118,L014,2025-10-18
VE0742,V030,P036,L002,2026-05-12
VE0743,V008,P023,L004,2026-08-30
VE0744,V008,P098,L013,2025-11-08
VE0745,V007,P034,L030,2026-03-19
VE0746,V012,P011,L004,2026-05-08
VE0747,V040,P009,L015,2025-09-07
VE0748,V009,P088,L022,2026-02-03
VE0749,V048,P136,L025,2026-06-24
VE0750,V029,P064,L007,2026-08-31
VE0751,V040,P055,L002,2026-07-27
VE0752,V019,P147,L007,2026-01-29
VE0753,V028,P098,L011,2026-06-24
VE0754,V014,P138,L001,2026-05-12
VE0755,V043,P046,L015,2026-01-25
VE0756,V042,P078,L025,2026-02-01
VE0757,V034,P027,L005,2025-09-19
VE0758,V049,P073,L006,2026-04-07
VE0759,V007,P024,L010,2026-03-06
VE0760,V002,P143,L022,2026-06-24
VE0761,V026,P135,L005,2026-02-03
VE0762,V022,P003,L019,2026-02-05
VE0763,V043,P084,L005,2026-01-14
VE0764,V010,P074,L013,2026-06-24
VE0765,V009,P005,L027,2026-03-23
VE0766,V038,P050,L023,2025-09-30
VE0767,V024,P090,L024,2026-05-29
VE0768,V025,P017,L026,2026-02-09
VE0769,V048,P001,L026,2025-11-12
VE0770,V014,P146,L020,2026-05-12
VE0771,V023,P033,L025,2025-10-16
VE0772,V045,P150,L016,2026-03-05
VE0773,V002,P025,L008,2026-03-14
VE0774,V030,P031,L005,2026-07-08
VE0775,V018,P049,L014,2025-09-11
VE0776,V023,P141,L011,2025-12-14
VE0777,V035,P094,L013,2026-07-16
VE0778,V020,P034,L007,2026-01-10
VE0779,V002,P067,L003,2025-12-03
VE0780,V048,P040,L001,2026-02-21
VE0781,V010,P124,L030,2026-08-14
VE0782,V004,P109,L004,2026-06-03
VE0783,V024,P042,L016,2026-07-29
VE0784,V015,P143,L016,2026-07-05
VE0785,V018,P016,L006,2026-06-16
VE0786,V039,P016,L015,2025-12-19
VE0787,V047,P022,L014,2026-06-27
VE0788,V028,P006,L014,2025-11-12
VE0789,V015,P034,L005,2026-03-05
VE0790,V019,P136,L021,2026-08-28
VE0791,V007,P088,L011,2025-11-27
VE0792,V017,P041,L027,2025-12-15
VE0793,V044,P002,L008,2026-02-05
VE0794,V045,P074,L002,2026-06-16
VE0795,V016,P016,L004,2025-12-21
VE0796,V002,P093,L030,2026-05-15
VE0797,V026,P128,L019,2026-01-23
VE0798,V050,P116,L012,2025-10-31
VE0799,V028,P079,L020,2025-12-21
VE0800,V005,P095,L015,2026-07-12
VE0801,V038,P090,L012,2025-11-06
VE0802,V019,P109,L027,2026-04-24
VE0803,V012,P064,L009,2026-04-22
VE0804,V031,P028,L005,2025-11-15
VE0805,V017,P119,L014,2026-08-11
VE0806,V001,P029,L002,2025-11-12
VE0807,V036,P016,L025,2026-08-05
VE0808,V008,P132,L004,2026-05-22
VE0809,V003,P054,L001,2025-11-30
VE0810,V048,P106,L018,2026-06-21
VE0811,V015,P026,L015,2025-09-10
VE0812,V026,P071,L025,2025-12-08
VE0813,V006,P126,L006,2026-01-07
VE0814,V028,P133,L002,2026-04-01
VE0815,V035,P004,L017,2025-10-17
VE0816,V007,P094,L015,2026-05-14
VE0817,V007,P038,L019,2026-03-03
VE0818,V002,P028,L011,2026-01-05
VE0819,V046,P016,L015,2026-04-18
VE0820,V006,P051,L017,2025-10-23
VE0821,V003,P105,L015,2025-11-30
VE0822,V007,P064,L002,2026-05-15
VE0823,V030,P059,L011,2026-03-28
VE0824,V006,P013,L027,2025-12-21
VE0825,V019,P093,L017,2026-03-11
VE0826,V018,P126,L010,2025-11-07
VE0827,V013,P103,L006,2026-03-07
VE0828,V008,P051,L001,2026-06-19
VE0829,V002,P145,L014,2026-03-19
VE0830,V012,P090,L018,2025-11-26
VE0831,V034,P091,L015,2026-05-10
VE0832,V028,P110,L020,2026-04-19
VE0833,V017,P128,L001,2025-09-22
VE0834,V014,P031,L018,2025-12-19
VE0835,V001,P086,L007,2026-01-13
VE0836,V043,P052,L020,2025-11-03
VE0837,V026,P041,L027,2026-04-18
VE0838,V029,P066,L027,2026-05-26
VE0839,V028,P101,L014,2026-05-11
VE0840,V010,P021,L012,2026-01-09
VE0841,V038,P017,L017,2026-07-09
VE0842,V016,P036,L023,2025-11-24
VE0843,V031,P005,L002,2026-07-17
VE0844,V004,P069,L013,2026-02-24
VE0845,V027,P109,L004,2026-03-02
VE0846,V020,P085,L021,2026-06-20
VE0847,V038,P007,L025,2025-11-06
VE0848,V005,P030,L002,2026-08-26
VE0849,V029,P125,L022,2026-05-10
VE0850,V030,P032,L030,2025-11-23
VE0851,V017,P010,L001,2026-04-19
VE0852,V048,P068,L019,2026-08-16
VE0853,V016,P140,L025,2026-06-20
VE0854,V036,P018,L027,2026-07-18
VE0855,V046,P145,L025,2026-02-12
VE0856,V045,P070,L019,2025-10-10
VE0857,V001,P081,L008,2026-04-27
VE0858,V043,P017,L011,2026-08-16
VE0859,V012,P011,L009,2025-10-01
VE0860,V040,P129,L002,2026-06-28
VE0861,V038,P077,L021,2026-07-17
VE0862,V039,P128,L030,2026-01-27
VE0863,V026,P136,L016,2026-08-03
VE0864,V041,P058,L021,2025-12-14
VE0865,V005,P051,L015,2026-03-07
VE0866,V038,P113,L022,2025-09-05
VE0867,V008,P107,L013,2025-11-23
VE0868,V039,P143,L024,2026-01-06
VE0869,V019,P027,L014,2026-06-15
VE0870,V025,P026,L005,2026-07-25
VE0871,V014,P125,L010,2025-10-03
VE0872,V004,P125,L016,2025-12-06
VE0873,V037,P069,L008,2026-06-02
VE0874,V015,P045,L025,2026-06-30
VE0875,V021,P112,L006,2026-06-06
VE0876,V014,P132,L022,2025-12-13
VE0877,V038,P075,L019,2026-04-07
VE0878,V037,P030,L020,2026-09-01
VE0879,V029,P004,L003,2026-02-28
VE0880,V046,P068,L006,2026-06-17
VE0881,V028,P036,L001,2026-03-11
VE0882,V014,P120,L002,2026-01-26
VE0883,V033,P118,L027,2026-04-23
VE0884,V035,P044,L004,2025-11-22
VE0885,V006,P106,L002,2026-07-14
VE0886,V011,P008,L021,2026-05-26
VE0887,V043,P067,L004,2026-03-14
VE0888,V035,P022,L008,2026-03-19
VE0889,V024,P147,L017,2026-03-23
VE0890,V039,P130,L029,2026-09-01
VE0891,V050,P150,L015,2025-09-21
VE0892,V010,P029,L003,2025-11-26
VE0893,V029,P006,L024,2025-10-16
VE0894,V035,P129,L021,2025-12-08
VE0895,V038,P075,L030,2026-02-04
VE0896,V043,P131,L001,2026-01-17
VE0897,V005,P140,L030,2025-12-10
VE0898,V026,P067,L010,2025-09-20
VE0899,V035,P036,L006,2026-02-03
VE0900,V049,P031,L015,2025-09-05
VE0901,V023,P134,L017,2026-03-05
VE0902,V048,P060,L019,2026-01-16
VE0903,V029,P130,L012,2026-02-20
VE0904,V029,P003,L018,2026-02-23
VE0905,V012,P016,L026,2025-10-02
VE0906,V002,P067,L018,2026-07-21
VE0907,V003,P108,L016,2026-08-16
VE0908,V021,P122,L022,2025-09-17
VE0909,V006,P047,L027,2025-09-17
VE0910,V013,P098,L019,2026-02-07
VE0911,V006,P077,L020,2025-10-19
VE0912,V026,P024,L025,2026-01-30
VE0913,V042,P022,L030,2026-08-03
VE0914,V011,P131,L029,2026-06-15
VE0915,V032,P070,L026,2025-09-22
VE0916,V011,P109,L018,2026-01-29
VE0917,V033,P039,L015,2025-11-23
VE0918,V047,P101,L019,2026-05-02
VE0919,V043,P123,L022,2026-08-02
VE0920,V041,P013,L009,2026-06-14
VE0921,V003,P091,L008,2026-07-17
VE0922,V046,P031,L009,2026-07-29
VE0923,V006,P149,L014,2026-08-04
VE0924,V008,P091,L014,2026-05-28
VE0925,V003,P127,L029,2026-08-18
VE0926,V036,P064,L006,2025-11-09
VE0927,V032,P073,L022,2025-11-22
VE0928,V045,P142,L018,2026-04-09
VE0929,V015,P086,L024,2026-05-29
VE0930,V025,P091,L004,2026-02-06
VE0931,V050,P118,L019,2025-10-19
VE0932,V043,P102,L006,2025-11-15
VE0933,V019,P012,L029,2026-01-17
VE0934,V039,P108,L023,2026-03-09
VE0935,V041,P073,L027,2026-07-28
VE0936,V040,P097,L013,2026-02-24
VE0937,V035,P064,L024,2026-07-11
VE0938,V017,P110,L001,2026-01-16
VE0939,V018,P116,L017,2026-07-05
VE0940,V020,P039,L003,2026-01-01
VE0941,V029,P003,L005,2025-11-27
VE0942,V036,P087,L004,2026-09-01
VE0943,V025,P037,L006,2025-12-19
VE0944,V023,P149,L025,2026-03-22
VE0945,V016,P105,L009,2026-06-09
VE0946,V035,P140,L005,2026-07-31
VE0947,V001,P129,L019,2026-06-07
VE0948,V050,P057,L009,2026-04-25
VE0949,V035,P103,L018,2025-11-04
VE0950,V045,P129,L008,2026-07-20
VE0951,V040,P011,L029,2026-02-14
VE0952,V028,P036,L009,2026-05-26
VE0953,V026,P123,L005,2025-12-20
VE0954,V049,P135,L015,2026-01-02
VE0955,V039,P148,L003,2026-06-15
VE0956,V028,P006,L020,2025-09-18
VE0957,V005,P023,L010,2026-06-16
VE0958,V005,P055,L027,2025-11-27
VE0959,V008,P064,L012,2026-08-04
VE0960,V043,P042,L027,2026-03-15
VE0961,V014,P105,L004,2026-08-11
VE0962,V015,P055,L016,2026-08-19
VE0963,V047,P105,L029,2026-08-09
VE0964,V001,P088,L006,2025-12-23
VE0965,V016,P012,L030,2025-10-22
VE0966,V017,P083,L018,2025-09-29
VE0967,V033,P025,L013,2026-07-08
VE0968,V022,P006,L030,2025-09-15
VE0969,V011,P093,L030,2026-07-21
VE0970,V018,P078,L016,2025-10-02
VE0971,V010,P068,L004,2026-04-20
VE0972,V040,P025,L014,2026-03-23
VE0973,V021,P009,L028,2026-02-19
VE0974,V013,P075,L009,2026-08-28
VE0975,V002,P146,L014,2026-05-07
VE0976,V026,P017,L016,2026-03-24
VE0977,V049,P124,L029,2026-08-30
VE0978,V048,P017,L025,2026-05-31
VE0979,V034,P033,L023,2025-12-01
VE0980,V017,P138,L019,2026-06-24
VE0981,V049,P140,L021,2026-04-03
VE0982,V003,P140,L018,2025-10-25
VE0983,V047,P001,L028,2026-01-04
VE0984,V026,P119,L027,2025-09-06
VE0985,V036,P038,L004,2025-09-28
VE0986,V018,P021,L015,2026-02-21
VE0987,V018,P106,L017,2026-02-06
VE0988,V007,P058,L027,2025-09-27
VE0989,V021,P048,L030,2026-07-24
VE0990,V026,P097,L009,2026-06-14
VE0991,V035,P109,L020,2026-04-24
VE0992,V043,P138,L020,2025-10-08
VE0993,V016,P149,L013,2026-01-18
VE0994,V045,P141,L015,2025-09-17
VE0995,V020,P130,L013,2026-04-23
VE0996,V037,P080,L023,2025-09-19
VE0997,V006,P084,L011,2026-04-07
VE0998,V038,P067,L011,2025-09-30
VE0999,V043,P013,L004,2025-10-29
VE1000,V008,P035,L024,2026-01-07
